Unique Author,Job Title
A Acharya,Unkown
A Adesida,Unkown
A Adronic,Unkown
A Agapito,Unkown
A Al Mamary,Unkown
A Almaghraby,Unkown
A Amsden,Unkown
A Anandharaj,Unkown
A Andremont,Unkown
A Andronowska,Unkown
A Angelis,Unkown
A Antonaki,Unkown
A Aragón-Sánchez,Unkown
A Arner,Unkown
A Arthur,Unkown
A Asamoa-Baah,Unkown
A Bandura,Unkown
A Banes,Unkown
A Barat,Unkown
A Barbagli,Unkown
A Barbero,Unkown
A Barkema,Unkown
A Barnes,Unkown
A Bauer,Unkown
A Bebbibington,Unkown
A Beenhakker,Unkown
A Benmerah,Unkown
A Bernard,Unkown
A Berner,Unkown
A Bhimani,Unkown
A Bicknell,Unkown
A Biddle,Unkown
A Bieber,Unkown
A Birch,Unkown
A Blesch,Unkown
A Bouzas Mosquera,Unkown
A Bowman,Unkown
A Brandt,Unkown
A Bruce,Unkown
A Buckley,Unkown
A Castro-Beiras,Unkown
A Chiampan,Unkown
A Coad,Unkown
A Cortes-Gonzalez,Unkown
A Cox,Unkown
A Cuervo-Cazurra,Unkown
A Degiovanni,Unkown
A Dikic-Djordjevic,Unkown
A D’Angelo,Unkown
A Ellis,Unkown
A Evangelista,Unkown
A Farbin,Unkown
A Fiarresga,Unkown
A Figueroa,Unkown
A Flyvbjerg,Unkown
A Froggatt,Unkown
A Galrinho,Unkown
A Giubertoni,Unkown
A Griffith,Unkown
A Gunsel,Unkown
A Gurrin,Unkown
A Guzzo,Unkown
A Hughes,Unkown
A Jonathan R Godfrey,Unkown
A Kardos,Unkown
A Kiotsekoglou,Unkown
A Klisieiwcz,Unkown
A Koprowski,Unkown
A Kyriacou,Unkown
A Lavorgna,Unkown
A Laynez,Unkown
A Lejeune,Unkown
A Lilli,Unkown
A Lopez-Sainz,Unkown
A Lysenko,Unkown
A Mahmud,Unkown
A Majocchi,Unkown
A Manouras,Unkown
A Manousakis-Katsikakis,Unkown
A Mason,Unkown
A Mazein,Unkown
A Monteiro,Unkown
A Moyna,Unkown
A Mursa,Unkown
A Mysiak,Unkown
A Ndumba,Unkown
A Nemes,Unkown
A Neugebauer,Unkown
A Norton,Unkown
A Nunes Diogo,Unkown
A Paramonov,Unkown
A Patrianakos,Unkown
A Peñas,Unkown
A Rainnie,Unkown
A Rapacciuolo,Unkown
A Reid,Unkown
A Rigopoulos,Unkown
A Rynkiewicz,Unkown
A Saddique,Unkown
A Sahlen,Unkown
A Santoro,Unkown
A Sbrizzi,Unkown
A Sheth,Unkown
A Tavener,Unkown
A Temesvari,Unkown
A Tennakoon,Unkown
A Thurin,Unkown
A Tomaszewski,Unkown
A Vahanian,Unkown
A Vaniachine,Unkown
A Varro,Unkown
A Vartapetian,Unkown
A Velcea,Unkown
A Vladaia,Unkown
A Weber,Unkown
A Westrip,Unkown
A White,Unkown
A Wilkinson,Unkown
A Yamada,Unkown
A Zucchella,Unkown
A Zuckermann,Unkown
A-Kamel Tari,Unkown
A.,Unkown
A. Mas,Unkown
A.L.,Unkown
Aakash Gupta,Unkown
Aarne Ranta,Unkown
Aaron B McCoy,Unkown
Aaron Duane,Unkown
Aaron Harwood,Unkown
Aaron McCoy,Unkown
Aaron Smith,Unkown
Aarón Ramírez-De-La-Cruz,Unkown
Ab Atkinson,Unkown
Abbas Bradai,Unkown
Abby C King,Unkown
Abdelouaheb Ardjouni,Unkown
Abdigani Diriye,Unkown
Abdul Kadir GöRüR,Unkown
Abdulmotaleb El Saddik,Unkown
Abdulrahman Azab,Unkown
Abhishek Kaushik,Unkown
Abigail Walsh,Unkown
Abl Cheung,Unkown
Abraham Bernstein,Unkown
Ac Kelley,Unkown
Acm Special Interest Group On Multimedia,Unkown
Acquedotto Pugliese Aqp Spa,Unkown
Ad Hughes,Unkown
Adam Bermingham,Unkown
Adam Ennis,Unkown
Adam Funk,Unkown
Adam J Brennan,Unkown
Adam Jatowt,Unkown
Adam Przepiórkowski,Unkown
Adam Rae,Unkown
Adam Wyner,Unkown
Adamantios Koumpis,Unkown
Adarsh Raj,Unkown
Adel Al Sharkasi,Unkown
Adel M Alsharkasi,Unkown
Adel Shaeib,Unkown
Ademar Crotti Junior,Unkown
Adina Toma,Unkown
Adrian Clark,Unkown
Adrian McGoldrick,Unkown
Adrian Popescu,Unkown
Adrian V Pace,Unkown
Adriana Hava,Unkown
Adrià Alsina,Unkown
Adviye Esin Yılmaz,Unkown
Ae Graafhuis,Unkown
Ae Yilmaz,Unkown
Af Coad,Unkown
Afzad Godil,Unkown
Ag Almeida,Unkown
Ag Evers,Unkown
Ag Fraser,Unkown
Ah Amershi,Unkown
Ahcene Djoudi,Unkown
Ahmad Khwileh,Unkown
Ahmed Abd-Ali Omran,Unkown
Ahmed Abdelrahman,Unkown
Ahmed Alateeq,Unkown
Ahmed Amokrane,Unkown
Ahmed Hassan Awadallah,Unkown
Ahu Açıkgöz,Unkown
Ai Butt,Unkown
Ai Corciu,Unkown
Aida Olaru,Unkown
Aidan Boran,Unkown
Aidan Hogan,Unkown
Aidan Lawless,Unkown
Aiden Doherty,Unkown
Ainhoa Llorente,Unkown
Aisling Kelliher,Unkown
Aisling McKenna,Unkown
Aitor Rodriguez,Unkown
Aitziber Atutxa,Unkown
Aj Bailey,Unkown
Aj Berry,Unkown
Aj Camm,Unkown
Aj Elmore,Unkown
Ajit Rai,Unkown
Ak Ciftci,Unkown
Ak Sharma,Unkown
Akihiro Inomata,Unkown
Akiko Aizawa,Unkown
Akshat Bakliwal,Unkown
Akshay Zalkikar,Unkown
Al Tojino,Unkown
Alain Renault,Unkown
Alamelu Nachiappan,Unkown
Alan Crilly,Unkown
Alan F. Smeaton,Professor
Alan Hanjalic,Unkown
Alan Kenny,Unkown
Alan Kinsella,Unkown
Alan Mathewson,Unkown
Alan Meehan,Unkown
Alan Nye,Unkown
Alan Said,Unkown
Alane Suhr,Unkown
Alba Garcia Seco De Herrera,Unkown
Alba García Seco De Herrera,Unkown
Alberto Del Bimbo,Unkown
Alberto Gugel,Unkown
Alberto Poncelas,Unkown
Albina Auksoriūtė,Unkown
Alec Dorling,Unkown
Aleh Tarasau,Unkown
Alejandro Bellogín,Unkown
Alejandro Ojeda,Unkown
Alejandro Vargas,Unkown
Aleksandr Aleksandrovič Bogdanov,Unkown
Aleksas Mamkaitis,Unkown
Ales Tamchyna,Unkown
Alessandra Mileo,Assistant Professor
Alessandro Lenci,Unkown
Alessandro Maisto,Unkown
Alessandro Mazzei,Unkown
Alessandro Moschitti,Unkown
Alessandro Panunzi,Unkown
Alessandro Peretti,Unkown
Alessandro Suglia,Unkown
Alessio Mansutti,Unkown
Alessio Miaschi,Unkown
Alessio Palmisano,Unkown
Alex Helle,Unkown
Alex McConnachie,Unkown
Alex Murphy,Unkown
Alex Sachare,Unkown
Alex Sintoni,Unkown
Alexander Fraser,Unkown
Alexander Hauptmann,Unkown
Alexander Khalil,Unkown
Alexander Mazein,Unkown
Alexander Mikroyannidis,Unkown
Alexander Molchanov,Unkown
Alexander O’Connor,Unkown
Alexander Paulus,Unkown
Alexander Poth,Unkown
Alexander Sachs,Unkown
Alexander Schutz,Unkown
Alexander Waibel,Unkown
Alexandra Balahur,Unkown
Alexandra Covaci,Unkown
Alexandra Okada,Unkown
Alexandra Roshchina,Unkown
Alexandre Allauzen,Unkown
Alexandre Masselot,Unkown
Alexandre Sicard,Unkown
Alexandru Ceausu,Unkown
Alexei Lisitsa,Unkown
Alexei Pozdnoukhov,Unkown
Alexia Briasouli,Unkown
Alexis Balina,Unkown
Alfredo Bolt,Unkown
Alfredo Maldonado,Unkown
Ali Al-Taei,Unkown
Ali Ameer Jabor,Unkown
Ali Berkane,Unkown
Ali Hosseinzadeh Vahid,Unkown
Ali Shoker,Unkown
Alia Amin,Unkown
Aliaksei Severyn,Unkown
Alice Ruggeri,Unkown
Alifah Syamsiyah,Unkown
Alihan Dogus Yalcin,Unkown
Alina Sirbu,Unkown
Alina Wróblewska,Unkown
Alireza Dehghani,Unkown
Alistair Moffat,Unkown
Alistair Sutherland,Lecturer
Allan Hanbury,Unkown
Allan Pinkerton,Unkown
Alvin Pradeep,Unkown
Alípio Jorge,Unkown
Am Babjee,Unkown
Am Lesniak-Sobelga,Unkown
Am Maceira Gonzalez,Unkown
Amaia Salvador,Unkown
Amal Al-Rasheed,Unkown
Amal Alrabiah,Unkown
Amanda Hastings,Unkown
Amani Alrobai,Unkown
Amber Pearson,Unkown
Amelie Dorn,Unkown
Amerah Alghanim,Unkown
Amin A Shoukry,Unkown
Amir Hussain,Unkown
Amir Kamran,Unkown
Amir M Ben-Amram,Unkown
Amir Payberah,Unkown
Amirhassan Monadjemi,Unkown
Amit Dutta,Unkown
Amit Moryossef,Unkown
Amit P Sheth,Unkown
Amitava Das,Unkown
Amlan Datta,Unkown
Ana Barat,Unkown
Ana Martınez Llorens,Unkown
Anara Baidzhuranova,Unkown
Anastasia Krithara,Unkown
Anatole France,Unkown
Anatolij Lunacharsky,Unkown
Anca Dumitrache,Unkown
And Nazlena Mohamad Ali,Unkown
Anders Johannsen,Unkown
Anders Trærup Johannsen,Unkown
Anderson Augusto Simiscuka,Unkown
Andoni Azpeitia,Unkown
Andre Freitas,Unkown
Andre Kåsen,Unkown
Andre Stern,Unkown
Andrea Amelio Ravelli,Unkown
Andrea Angiolillo,Unkown
Andrea C Johnson,Unkown
Andrea Calafell,Unkown
Andrea Cimino,Unkown
Andrea Finke,Unkown
Andrea Lösch,Unkown
Andrea Vedaldi,Unkown
Andrea Yanez,Unkown
Andreas Abecker,Unkown
Andreas Benzing,Unkown
Andreas Burner,Unkown
Andreas Dengel,Unkown
Andreas Hillmann,Unkown
Andreas Koller,Unkown
Andreas Leibetseder,Unkown
Andreas Rauber,Unkown
Andreas Wombacher,Unkown
Andrei P Nemytykh,Unkown
Andrei Popescu-Belis,Unkown
Andrejs Vasiļjevs,Unkown
Andrew Delgado,Unkown
Andrew Dillon,Unkown
Andrew Errity,Unkown
Andrew Haig,Unkown
Andrew Huffmaster,Unkown
Andrew Jull,Unkown
Andrew Keat,Unkown
Andrew McCarren,Assistant Professor
Andrew Meaney,Unkown
Andrew Salway,Unkown
Andrew Trotman,Unkown
Andrew Webb,Unkown
Andrew Zisserman,Unkown
Andrzej Beniamin Bujok,Unkown
Andrzej Zydron,Unkown
André Ft Martins,Unkown
Andy Way,Professor
Angelika Kimmig,Unkown
Angelo Cavallini,Unkown
Angus Roberts,Unkown
Anil Kumar,Unkown
Anirban Chakraborty,Unkown
Anita Finnegan,Unkown
Anita Ramm,Unkown
Anitha S Pillai,Unkown
Anja Belz,Unkown
Anjana Jain,Unkown
Ankit Patil,Unkown
Ankit Srivastava,Unkown
Anna Kazantseva,Unkown
Anna Lisa Gentile,Unkown
Anna Mereu,Unkown
Anna Missilä,Unkown
Annalina Caputo,Assistant Professor
Annanda Sousa,Unkown
Anne Delextrat,Unkown
Anne Marie Delaney,Unkown
Anne Plidschun,Unkown
Anne-Lyse Minard,Unkown
Anne-Marie Cunningham,Unkown
Anne-Marie Kermarrec,Unkown
Annemiek Van Leendert,Unkown
Annette T Byrne,Unkown
Anne‐Marie Healy,Unkown
Annraoi De Paor,Unkown
Anselmo Penas,Unkown
Antal Van Den Bosch,Unkown
Anthea M Middleton,Unkown
Anthony Schoofs,Unkown
Antoine Bigomokero Bagula,Unkown
Antoine Rozenknop,Unkown
Antoine Zimmermann,Unkown
Anton Bryl,Unkown
Anton Dvorkovich,Unkown
Anton Pannekoek,Unkown
Antoni Lluís Mesquida Calafat,Unkown
Antonia Mas,Unkown
Antonio Campello,Unkown
Antonio De Amescua Seco,Unkown
Antonio Foncubierta-Rodríguez,Unkown
Antonio G Ruzzelli,Unkown
Antonio Jimeno Yepes,Unkown
Antonio Maccioni,Unkown
Antonio Rizzo,Unkown
Antonio Toral,Unkown
Antonio Valerio Miceli Barone,Unkown
António Branco,Unkown
Anuj Singh,Unkown
Ao Ciobanu,Unkown
Aodhan Coffey,Unkown
Aoife Cahill,Unkown
Aoife Healy,Unkown
Aoife Lonergan,Unkown
Apj Van Den Bosch,Unkown
Ar Stradling,Unkown
Aranda C Padilla,Unkown
Arantza Diaz De Ilarraza,Unkown
Arefeh Kazemi,Unkown
Arghir Nicolae Moldovan,Unkown
Aries Mohammed Es-Salih,Unkown
Arjen P De Vries,Unkown
Arkadiusz Marciniak,Unkown
Arle Lommel,Unkown
Armadans R Caminal,Unkown
Arnaud Gaudinat,Unkown
Arosha Bandara,Unkown
Artem Bielozorov,Unkown
Artem Lysenko,Unkown
Arun Jayaraman,Unkown
Arvind Ramadurai,Unkown
As Brown,Unkown
As Gopal,Unkown
As Mahesh,Unkown
Asad Butt,Unkown
Asanka Wasala,Unkown
Ashkan Yazdani,Unkown
Asif Ekbal,Unkown
Asma Ben Abacha,Unkown
At Ariyaratne,Unkown
At Goshaw,Unkown
At Harris,Unkown
Athanasios Karapantelakis,Unkown
Augst Bebel,Unkown
Augustin Souchy,Unkown
Aurelie Neveol,Unkown
Av Pires,Unkown
Avinash Malik,Unkown
Axel Polleres,Unkown
Ayan Bandyopadhyay,Unkown
Ayokunle Adeosun,Unkown
Ayşe Sönmez,Unkown
Az Eraki,Unkown
Azadeh Nazemi,Unkown
Azizah Jaafar,Unkown
B Abbott,Unkown
B Abel-Smith,Unkown
B Alexander,Unkown
B Ariun-Erdene,Unkown
B Auerbach,Unkown
B Axelsson,Unkown
B Balkan,Unkown
B Bao,Unkown
B Barboni,Unkown
B Bastian,Unkown
B Bauer,Unkown
B Beleslin,Unkown
B Berg,Unkown
B Bischke,Unkown
B Bock,Unkown
B Braun,Unkown
B Brickham,Unkown
B Cardiff,Unkown
B Cengiz,Unkown
B Goldoftas,Unkown
B Igual,Unkown
B Jakovljevic,Unkown
B Jokisch,Unkown
B Kjærgaard,Unkown
B Lequeux,Unkown
B Levy,Unkown
B Mansfield,Unkown
B Marinescu,Unkown
B Mc Adam,Unkown
B Meaney,Unkown
B Murphy,Unkown
B Norager,Unkown
B Pfeiffer,Unkown
B Rosamond,Unkown
B Spurlock,Unkown
B Syeda,Unkown
B Thu-Le Pham,Unkown
B Toggerson,Unkown
B Trimarco,Unkown
B Unsworth,Unkown
B Vujisic-Tesic,Unkown
B Weder,Unkown
B Woods,Unkown
B.,Unkown
Ba Ellington,Unkown
Ba Popescu,Unkown
Bachir Messirdi,Unkown
Badioze Zaman,Unkown
Bahar Salehi,Unkown
Balder Ten Cate,Unkown
Banu Onaral,Unkown
Banu Pazar Varol,Unkown
Baoli Li,Unkown
Baoquan Chen,Unkown
Bara Alsalaheen,Unkown
Barbara Caputo,Unkown
Barbara Piringer,Unkown
Barbara Plank,Unkown
Barbara Solenthaler,Unkown
Barry Haddow,Unkown
Barry Hurley,Unkown
Barry O’Sullivan,Unkown
Barry S.,Unkown
Barry Smyth,Unkown
Bart Hompes,Unkown
Bart Thomee,Unkown
Basil Beamish,Unkown
Bastiaan J Boom,Unkown
Bayzidul Islam,Unkown
Bb Loegstrup,Unkown
Bekbolot Kanetov,Unkown
Belfort E Bax,Unkown
Belhadj Karim,Unkown
Belinda Lowe,Unkown
Ben Kelly,Unkown
Benjamin Aziz,Unkown
Benjamin Barry,Unkown
Benjamin David Weedon,Unkown
Benjamin Garbers,Unkown
Benjamin Kille,Unkown
Benjamin Piwowarski,Unkown
Benjamin R Tucker,Unkown
Benoit Huet,Unkown
Benoît Claude,Unkown
Berke Atasoy,Unkown
Berlingen J Montejo,Unkown
Bernard Mulcahy,Unkown
Bernard Mérialdo,Unkown
Bernard Shaw,Unkown
Bernardetta Addis,Unkown
Bernardo Magnini,Unkown
Bernardo Stearns,Unkown
Bernd Bohnet,Unkown
Bernd Gutmann,Unkown
Bernd Munzer,Unkown
Bernhard Bermeitinger,Unkown
Bert Bos,Unkown
Bert Gordijn,Unkown
Berta Gonzales,Unkown
Berta González Saavedra,Unkown
Bi Chen,Unkown
Bijan Fakhri,Unkown
Bin Wang,Unkown
Bin Zhang,Unkown
Binh T Nguyen,Unkown
Bipin Kumar,Unkown
Bj Bouma,Unkown
Björn Þór Jónsson,Unkown
Bjørn Olstad,Unkown
Blanca Jordan,Unkown
Blanca Najera Villar,Unkown
Bm Bany,Unkown
Bo Deng,Unkown
Bo Fu,Unkown
Bo Wang,Unkown
Bogdan Ciubotaru,Unkown
Bogdan Gornea,Unkown
Bogdan Ionescu,Unkown
Bojan Bozic,Unkown
Bojar Ondrej,Unkown
Bolette Sandford Pedersen,Unkown
Bonnie Webber,Unkown
Bora And Yilmaz,Unkown
Bora Gunyel,Unkown
Bora Orkun,Unkown
Boran L.,Unkown
Boris Koldehofe,Unkown
Borja Anza Porras,Unkown
Bosse Westerlund,Unkown
Boudewijn Van Dongen,Unkown
Bourgeois J.,Unkown
Bp Bloomfield,Unkown
Breandán Kerin,Unkown
Breda M Kiernan,Unkown
Brenda Reginatto,Unkown
Brendan Egan,Unkown
Brendan Heery,Unkown
Brendan Jennings,Unkown
Brendan O’Flynn,Unkown
Brett Paull,Unkown
Brett R South,Unkown
Brian Antonishek,Unkown
Brian Caulfield,Unkown
Brian Corcoran,Unkown
Brian Davis,Assistant Professor
Brian Fitzgerald,Unkown
Brian Leavy,Unkown
Brian Meskill,Unkown
Brian Moynagh,Unkown
Brian Quinn,Unkown
Brian Scotney,Unkown
Brian Thompson,Unkown
Brian Walshe,Unkown
Brian Ó Raghallaigh,Unkown
Brona Furlong,Unkown
Bronagh McGrane,Unkown
Bruno Guillaume,Unkown
Bruno H Repp,Unkown
Bryan Cullen,Unkown
Bryan M Hennelly,Unkown
Bróna Kehoe,Unkown
Bud Bruegger,Unkown
Bueso X Portell,Unkown
Bukka Bhavya,Unkown
Burkhard Stiller,Unkown
Bushra Jawaid,Unkown
C Adam,Unkown
C Ake,Unkown
C Andrew,Unkown
C Antos,Unkown
C Argyris,Unkown
C Arndt,Unkown
C Ashley,Unkown
C Atkinson,Unkown
C Ax,Unkown
C Bandtlow,Unkown
C Barratt,Unkown
C Baumann,Unkown
C Beaulieu,Unkown
C Bell,Unkown
C Bergsten,Unkown
C Berliner,Unkown
C Beyer,Unkown
C Biermann,Unkown
C Bischoff,Unkown
C Boididou,Unkown
C Bond,Unkown
C Calisto,Unkown
C Cameron Miller,Unkown
C Cashell,Unkown
C Cassell,Unkown
C Cavallini,Unkown
C Cimadevilla,Unkown
C Clegg,Unkown
C Cucco,Unkown
C Cueff,Unkown
C Dannreuther,Unkown
C Diakov,Unkown
C Donnini,Unkown
C Giannini,Unkown
C Ginghina,Unkown
C Goy,Unkown
C Graham,Unkown
C Grigoratos,Unkown
C Hacker-Cordon,Unkown
C Hardy,Unkown
C Hassager,Unkown
C Hay,Unkown
C Hernandez Diez,Unkown
C Jorge,Unkown
C Katz,Unkown
C Kenny,Unkown
C Kourkoumelis,Unkown
C Larrinaga-González,Unkown
C Lengyel,Unkown
C Lezcano Pertejo,Unkown
C Maria Keet,Unkown
C Martin Heurlin,Unkown
C Mason,Unkown
C McCrory,Unkown
C Morisco,Unkown
C Napoletano,Unkown
C Neil,Unkown
C Ni Mhurchu,Unkown
C Oman,Unkown
C Park,Unkown
C Piccinino,Unkown
C Place,Unkown
C Polombo,Unkown
C Prince,Unkown
C Rasmussen,Unkown
C Ruivo,Unkown
C Santoro,Unkown
C Sartori,Unkown
C Smyth,Unkown
C Soraghan,Unkown
C Stringer,Unkown
C Thebault,Unkown
C Vlachopoulos,Unkown
C Wallentin Guron,Unkown
C-H Demarty,Unkown
Ca Alvares,Unkown
Ca Giudice,Unkown
Cagdas Usfekes,Unkown
Cailbhe Doherty,Unkown
Cakir I Turk,Unkown
Calkin Montero,Unkown
Camilla Sanvitto,Unkown
Camille Albert,Unkown
Camille Bailas,Unkown
Camille Guinaudeau,Unkown
Can Koral Adalı,Unkown
Caoilainn Doyle,Unkown
Caoimhe Daly,Unkown
Carl Vogel,Unkown
Carla Parra Escartín,Unkown
Carles Ventura,Unkown
Carlos Baquero,Unkown
Carlos Collantes,Unkown
Carlos Cuevas,Unkown
Carlos Roberto Del Blanco,Unkown
Carlos Rovira-Borras,Unkown
Carlos Sc Teixeira,Unkown
Carmen Banea,Unkown
Carol Daly,Unkown
Carol Peters,Unkown
Carolina Scarton,Unkown
Caroline McMullan,Unkown
Carsten Eickhoff,Unkown
Carsten Griwodz,Unkown
Carsten Schnober,Unkown
Cataldo Musto,Unkown
Catarina Silva,Unkown
Cathal Gurrin,Associate Professor
Catherine A O’Donnell,Unkown
Catherine Deegan,Unkown
Catherine Mulwa,Unkown
Catherine Woods,Unkown
Cathy Daly,Unkown
Cauvin A.,Unkown
Cd Ginghina,Unkown
Cd Olympios,Unkown
Ce Devine,Unkown
Ce Stevens,Unkown
Cees Gm Snoek,Unkown
Celia Rico,Unkown
Celso Prados,Unkown
Cem Direkoglu,Unkown
Cenel Augusto Perez,Unkown
Cg Reenen,Unkown
Chandana Alawattage,Unkown
Chang-Hwan Choi,Unkown
Changsheng Xu,Unkown
Chao Ma,Unkown
Chao-Hong Liu,Unkown
Charalampos Chanialidis,Unkown
Charles A Russell,Unkown
Charles Auffray,Unkown
Charles F Irons,Unkown
Charles Kingsley,Unkown
Charles La Clarke,Unkown
Charles Markham,Unkown
Charles Nordhoff,Unkown
Charles Rougle,Unkown
Charlie Daly,Lecturer
Charlie Foster,Unkown
Charlotte Costedoat,Unkown
Chen Wang,Unkown
Cheng Liu,Unkown
Cheng Yang,Unkown
Chenyang Lyu,Unkown
Chetan Jha,Unkown
Chi-Kiu Lo,Unkown
Ching Hau Chan,Unkown
Ching Y Suen,Unkown
Chirag Shah,Unkown
Chithra D Gracia,Unkown
Choi Yoonhee,Unkown
Chong-Wah Ngo,Unkown
Chris Daly,Unkown
Chris Deighton,Unkown
Chris Eckl,Unkown
Chris Hokamp,Unkown
Chris Moulin,Unkown
Christian Breiteneder,Unkown
Christian Buck,Unkown
Christian Dirschl,Unkown
Christian Federmann,Unkown
Christian Frisson,Unkown
Christian Hardmeier,Unkown
Christian Timmerer,Unkown
Christian Wartena,Unkown
Christiane Przygoda,Unkown
Christina B Azodi,Unkown
Christina McKerchar,Unkown
Christina Thorpe,Unkown
Christina Unger,Unkown
Christine E Loscher,Unkown
Christine Schiessl,Unkown
Christof Monz,Unkown
Christoph Kofler,Unkown
Christoph M Friedrich,Unkown
Christoph Prinz,Unkown
Christoph Schneider,Unkown
Christophe Debruyne,Unkown
Christophe Duhamel,Unkown
Christophe Onambélé Manga,Unkown
Christopher J Rawlings,Unkown
Christopher Manning,Unkown
Christopher Noonan,Unkown
Christopher Wee Keong Kuah,Unkown
Christos Ampatzis,Unkown
Christos Filelis Papadopoulo,Unkown
Christos Xilouris,Unkown
Chuan Liu,Unkown
Chuanchu Wang,Unkown
Chuanlin Lan,Unkown
Chuck Daly,Unkown
Chunliang Hao,Unkown
Cian O’Mathuna,Unkown
Ciara E Keogh,Unkown
Ciara McCormack,Unkown
Ciarán Hennessy,Unkown
Ciarán O’Conaire,Unkown
Cillian Hurley,Unkown
Ciprian Briciu Burghina,Unkown
Cj Collins,Unkown
Cj Soraghan,Unkown
Cl Lampen,Unkown
Claire C Morgan,Unkown
Claire Hale,Unkown
Claire Jeffries,Unkown
Claire Jourdan,Unkown
Claire Tansey,Unkown
Clare Conran,Unkown
Clare Dillon,Unkown
Clare M McDermott,Unkown
Clare V Thornley,Unkown
Clarissa Pilkington,Unkown
Claudia Hauff,Unkown
Claudia Soria,Unkown
Claudio Greco,Unkown
Claudiu Cobârzan,Unkown
Claus Pahl,Unkown
Clifford Teoh,Unkown
Cliona Ni Mhurchu,Unkown
Clissman C.,Unkown
Cm Beckman,Unkown
Colette Real,Unkown
Colin Beevor,Unkown
Colin Cherry,Unkown
Colin Fitzsimons,Unkown
Colm Conroy,Unkown
Colum Foley,Unkown
Concetto Spampinato,Unkown
Cong Liu,Unkown
Congcong Xing,Unkown
Connie L Moore,Unkown
Conor Hayes,Unkown
Conor O’Quigley,Unkown
Conor O’Sullivan,Unkown
Constantin Adam,Unkown
Corentin Ribeyre,Unkown
Cormac Fay,Unkown
Coskun Mermer,Unkown
Cosmin-Septimiu Nechifor,Unkown
Cp Banks,Unkown
Cr Anderson,Unkown
Cr Ashbee,Unkown
Craig Macdonald,Unkown
Crionna Tobin,Unkown
Cristian Olariu,Unkown
Cristina Bosco,Unkown
Cristina España-Bonet,Unkown
Cristina Muntean,Unkown
Cristover Lopes,Unkown
Críonna Tobin,Unkown
Cs Foldesi,Unkown
Cs Nascimento,Unkown
Cuntai Guan,Unkown
Cv Jawahar,Unkown
Cvetana Krstev,Unkown
Cw Buerkle,Unkown
Cw Hofer,Unkown
Cw Hughes,Unkown
Cynthia Chen,Unkown
Cyril Messaraa,Unkown
Célia Boyer,Unkown
Cătălina Mărănduc,Unkown
D Albrecht,Unkown
D Allen,Unkown
D Apter,Unkown
D Arase,Unkown
D Arendt,Unkown
D Ashman,Unkown
D Ashton,Unkown
D Bergamaschi,Unkown
D Besser,Unkown
D Bishop,Unkown
D Bogdanov,Unkown
D Breslin,Unkown
D Byrne,Unkown
D Cacela,Unkown
D Cahill,Unkown
D Cameron,Unkown
D Coates,Unkown
D Coisne,Unkown
D Cooper,Unkown
D Côté,Unkown
D Dawson,Unkown
D Devins,Unkown
D Dimmick,Unkown
D Fabiani,Unkown
D Fassouliotis,Unkown
D Garcia-Dorado,Unkown
D Gilfoyle,Unkown
D Glenn,Unkown
D Jacques,Unkown
D Kelly,Unkown
D Kosior,Unkown
D Lazzeretti,Unkown
D Lee,Unkown
D Lweis,Unkown
D Malon,Unkown
D Messika-Zeitoun,Unkown
D Moran,Unkown
D Muraru,Unkown
D Nelson,Unkown
D Otley,Unkown
D Packham,Unkown
D Patton,Unkown
D Peluso,Unkown
D Phung,Unkown
D Pickernell,Unkown
D Popovic,Unkown
D Power,Unkown
D Rueschemeyer,Unkown
D Sobic-Saranovic,Unkown
D Storey,Unkown
D Terentes,Unkown
D Tousoulis,Unkown
D Trifunovic,Unkown
D Vinereanu,Unkown
D Vines,Unkown
D Vougia,Unkown
D Watkins,Unkown
D Zaliaduonyte-Peksiene,Unkown
D.,Unkown
Da Ahlburg,Unkown
Da Faria,Unkown
Da Schön,Unkown
Daan Fierens,Unkown
Dadong Wan,Unkown
Dag Haug,Unkown
Dag Johansen,Unkown
Dag Schmidtke,Unkown
Dagmar Gromann,Unkown
Dahai Yu,Unkown
Damian Martin,Unkown
Damian Wynne,Unkown
Damien Connaghan,Unkown
Damien Kearney,Unkown
Damien Maher,Unkown
Damien Marshall,Unkown
Damjan Ekert,Unkown
Dan Pescaru,Unkown
Dan Puiu,Unkown
Dan Tufiş,Unkown
Dana D Sheridan,Unkown
Dana R Epstein,Unkown
Danica Damljanovic,Unkown
Daniel Austin Mullins,Unkown
Daniel Cosgrove,Unkown
Daniel Galbraith,Unkown
Daniel Galron,Unkown
Daniel Guérin,Unkown
Daniel Hoyer,Unkown
Daniel Kuemper,Unkown
Daniel Marbach,Unkown
Daniel O’Byrne,Unkown
Daniel Puschmann,Unkown
Daniel Schneider,Unkown
Daniel Stein,Unkown
Daniel Torregrosa,Unkown
Daniel Turner,Unkown
Daniel Zeman,Unkown
Daniela Huber,Unkown
Daniela Virone,Unkown
Daniele Bonadiman,Unkown
Daniele Dell’Aglio,Unkown
Daniele Falavigna,Unkown
Daniele Sartiano,Unkown
Danielle L Mowery,Unkown
Danielle Powell,Unkown
Danilo Croce,Unkown
Danish Nadeem,Unkown
Danture Wickramasinghe,Unkown
Daqi Zheng,Unkown
Daqing He,Unkown
Daragh Byrne,Unkown
Daria Dzendzik,Unkown
Dario Izzo,Unkown
Darlene Stewart,Unkown
Darragh Blake,Unkown
Darragh O'Brien,Lecturer
Darragh Whelan,Unkown
Darren Cosker,Unkown
Darren J Leamy,Unkown
Darren Roddy,Unkown
Dasha Bogdanova,Unkown
Daud Sikander,Unkown
Dave Shelton,Unkown
David A Shamma,Unkown
David Ahlström,Unkown
David Azcona,Unkown
David Breitgand,Unkown
David Byrne,Unkown
David Crandall,Unkown
David D’Cruz,Unkown
David E Losada,Unkown
David Elsweiler,Unkown
David Hanley,Unkown
David Joy,Unkown
David Kane,Unkown
David Lewis,Unkown
David Mareček,Unkown
David Martinez,Unkown
David Moloney,Unkown
David Monaghan,Unkown
David Oliver,Unkown
David Perez,Unkown
David Pickles,Unkown
David Prendergast,Unkown
David Racca,Unkown
David Rosenboom,Unkown
David Sadlier,Unkown
David Scott,Unkown
David Semedo,Unkown
David Sinclair,Associate Professor
David Solan,Unkown
David T Kelly,Unkown
Davide Frey,Unkown
Davide Maltoni,Unkown
Davide Merico,Unkown
Davor Orlic,Unkown
Dawen Xu,Unkown
Dawid Czesak,Unkown
Dd Duarte,Unkown
De Hoefsten,Unkown
De Vugt M.,Unkown
Dean Lynch,Unkown
Debasis Ganguly,Unkown
Debayan Dhar,Unkown
Debbie Chagadama,Unkown
Debbie Cook,Unkown
Debdoot Sheet,Unkown
Debojoyti Mukherjee,Unkown
Deborah Bond,Unkown
Debra Warren,Unkown
Declan Gamble,Unkown
Declan Groves,Unkown
Declan McKibben,Unkown
Declan McMullen,Unkown
Declan Moore,Unkown
Declan O’Sullivan,Unkown
Deirdre Hogan,Unkown
Deirdre M D’Arcy,Unkown
Deirdre O’Shea,Unkown
Delia Irazú Hernández Farías,Unkown
Denise Carthy,Unkown
Deniz Gungor,Unkown
Dennis McGonagle,Unkown
Derek Flood,Unkown
Dermot Diamond,Unkown
Desmond Elliott,Unkown
Devashish Tiwari,Unkown
Dexmont Alejandro Pena Carrillo,Unkown
Dexmont Pena,Unkown
Deyan Peychev,Unkown
Dh Nguyen,Unkown
Di Levine,Unkown
Di Wang,Unkown
Di Xie,Unkown
Dian Zhang,Unkown
Diana Bogusevschi,Unkown
Diana Maynard,Unkown
Diana Pottecherc,Unkown
Diane Kelly,Unkown
Diane T Rover,Unkown
Dick Ca Bulterman,Unkown
Dick Epema,Unkown
Dick Whelan,Unkown
Diego Ortego,Unkown
Dien H Le,Unkown
Dietmar Nedbal,Unkown
Dilip Patel,Unkown
Dimitar Shterionov,Assistant Professor
Dimitra Anastasiou,Unkown
Dimitri Fichou,Unkown
Dimitri Perrin,Unkown
Dimitrios Markonis,Unkown
Dimitrios Tsoumakos,Unkown
Dimitrios Tzovaras,Unkown
Dimitris Kontokostas,Unkown
Dina Demner-Fushman,Unkown
Dina Vishnyakova,Unkown
Dinara Kanetova,Unkown
Dinh V Cuong,Unkown
Diogo M Camacho,Unkown
Dipankar Das,Unkown
Dirk Pesch,Unkown
Dj Mellor,Unkown
Dj Storey,Unkown
Djame Seddah,Unkown
Djoerd Hiemstra,Unkown
Dk Blackmore,Unkown
Dl Barlett,Unkown
Dm Dorobantu,Unkown
Dm Gingrich,Unkown
Dm O’Brien,Unkown
Dmitri Botvich,Unkown
Dn Bowles,Unkown
Dn Springett,Unkown
Dominic Jones,Unkown
Dominick Smyth,Unkown
Dominique Brunato,Unkown
Donal O’Gorman,Unkown
Dong Zhou,Unkown
Dongyun Nie,Teaching Assistant
Donna Harman,Unkown
Donnelly,Unkown
Doria Affane,Unkown
Dorothea Caraman,Unkown
Dorothy Kenny,Unkown
Douglas Cirqueira,Unkown
Dp Francis,Unkown
Dr Collins,Unkown
Duc Tien Dang Nguyen,Unkown
Duncan Murdoch,Unkown
Duran Türkoğlu,Unkown
Duvindu Piyasena,Unkown
Duy-Dinh Le,Unkown
Dwaipayan Roy,Unkown
Dylan Orpen,Unkown
Dzmitri Klimuk,Unkown
Dónal Fitzpatrick,Lecturer
Dónal O’Mathúna,Unkown
Dónall McCann,Unkown
E Abrahamson,Unkown
E Allina-Pisano,Unkown
E Aryeetey,Unkown
E Asan,Unkown
E Asselin,Unkown
E Baldi,Unkown
E Barclay,Unkown
E Bordoni,Unkown
E Brooks,Unkown
E Cheu,Unkown
E Chiapello,Unkown
E Czekajska-Chehab,Unkown
E De Villa,Unkown
E Dellandrea,Unkown
E Donal,Unkown
E Ellis,Unkown
E Elsharkawy,Unkown
E Englund,Unkown
E Fluess,Unkown
E Gast,Unkown
E Grikstaite,Unkown
E Guerrini,Unkown
E Guevara,Unkown
E Harper,Unkown
E Le Menedeu,Unkown
E Libhaber,Unkown
E Martin Gutierrez,Unkown
E Martinez Paz,Unkown
E McCarthy-Arnolds,Unkown
E Olson,Unkown
E O’Connor,Unkown
E Panagiotopoulou,Unkown
E Roe,Unkown
E Sauvan,Unkown
E Solda’,Unkown
E Stabile,Unkown
E Stack,Unkown
E Suchon,Unkown
E Tamuleviciute,Unkown
E Wicher-Muniak,Unkown
Ea Khalifa,Unkown
Ea Lowe,Unkown
Eamon Costello,Unkown
Eamonn Clinton,Unkown
Eamonn Delahunt,Unkown
Eamonn Newman,Unkown
Ed McGuinness,Unkown
Edel O’Connor,Unkown
Edmond Aboud,Unkown
Edmond Mitchell,Unkown
Eduard Hovy,Unkown
Eduardo Herranz,Unkown
Eduardo Martin Moraud,Unkown
Edward Al Turner,Unkown
Edward Bellamy,Unkown
Edward Curry,Unkown
Edward Meade,Unkown
Eiji Aramaki,Unkown
Eileen Culloty,Unkown
Eimear Dolan,Unkown
Eiríkur Rögnvaldsson,Unkown
Ej Feng,Unkown
Ek Baipoledi,Unkown
Ek Visser,Unkown
Ekrem Savaş,Unkown
Elaine Ui Donnchadha,Unkown
Elena Cabrio,Unkown
Elena Irimia,Unkown
Elena Knyazeva,Unkown
Elena Pascual,Unkown
Elimhan Mahmudov,Unkown
Elisabetta Fersini,Unkown
Elisson Da Silva Rocha,Unkown
Elizabeth McIvor,Unkown
Elizabeth Salesky,Unkown
Ellen Key,Unkown
Elmar Kiesling,Unkown
Em Mil,Unkown
Em Mohamed,Unkown
Emanuele Della Valle,Unkown
Emanuele Pianta,Unkown
Emiel Van Haandel,Unkown
Emily Bolger,Unkown
Emily Pitler,Unkown
Emin Durmishi,Unkown
Emir Munoz,Unkown
Emm Ho,Unkown
Emma Berry,Unkown
Emma Murphy,Unkown
Emma O’Keeffe,Unkown
Emmanouil Kafetzakis,Unkown
Emre Bektaş,Unkown
En Gazis,Unkown
Enda Bates,Unkown
Enric Moreu,Unkown
Eoghan Conway,Unkown
Eoghan McNamara,Unkown
Eoin Brophy,Unkown
Eoin Cartwright,Unkown
Eoin Hurrell,Unkown
Ep Harris,Unkown
Ep Lim,Unkown
Eray Ohri,Unkown
Eray Tuzun,Unkown
Ergina Kavallieratou,Unkown
Ergun Bicici,Unkown
Ergun Biçici,Unkown
Eric Arazo Sanchez,Unkown
Eric Paquin,Unkown
Eric Ras,Unkown
Eric San Juan,Unkown
Eric Tobias,Unkown
Eric Villemonte De La Clérgerie,Unkown
Erich Birngruber,Unkown
Erich Fromm,Unkown
Erich Mühsam,Unkown
Erik Aaberg,Unkown
Erik Cambria,Unkown
Ertugrul Yilmaz,Unkown
Es Kristensen,Unkown
Es Lim,Unkown
Esaú Villatoro-Tello,Unkown
Esra Acar,Unkown
Esra Dalan Yıldırım,Unkown
Esraa Ali,Unkown
Esteban Ballestar,Unkown
Etienne Rivière,Unkown
Eugene A Gilmore,Unkown
Eunah Cho,Unkown
Eusebi Calle,Unkown
Eva Ibarrola,Unkown
Eva Martínez Garcia,Unkown
Eva Mohedano,Unkown
Eva Schlehahn,Unkown
Eva Vanmassenhove,Unkown
Evan Brown,Unkown
Evangelos Niforatos,Unkown
Eveline Wandl-Vogt,Unkown
Evgeny A Stepanov,Unkown
Evgeny Matusov,Unkown
Ew Varnes,Unkown
F Ahmadov,Unkown
F Antonini-Canterin,Unkown
F Bager,Unkown
F Balkwill,Unkown
F Baluska,Unkown
F Bazer,Unkown
F Bergeaud-Blackler,Unkown
F Bulletti,Unkown
F De Sanctis,Unkown
F Dell’Orletta,Unkown
F Fernandez-Vazquez,Unkown
F Figueiredo,Unkown
F Ganz,Unkown
F Gustafsson,Unkown
F Hartmann,Unkown
F Innocenti,Unkown
F Khalil-Zada,Unkown
F Leyva,Unkown
F Matthews,Unkown
F Mitchell,Unkown
F Mmieh,Unkown
F Montenegro Sa,Unkown
F O’Grady,Unkown
F Parthenakis,Unkown
F Pedro,Unkown
F Peters,Unkown
F Pinto,Unkown
F Piscione,Unkown
F Salmo,Unkown
F Saraiva,Unkown
F Schepers,Unkown
F Schnell,Unkown
F Sebastiani,Unkown
F Vaisbuj,Unkown
F Vallet,Unkown
F Vernimmen,Unkown
F Wenzelburger,Unkown
Fa Maklady,Unkown
Fabio Celli,Unkown
Fabio Crestani,Unkown
Fabio Fantino,Unkown
Fabio Massimo Zanzotto,Unkown
Fabrice Camous,Unkown
Fabrizio Esposito,Unkown
Fadi Badra,Unkown
Fahad Khan,Unkown
Faizul Bari,Unkown
Fajar J Ekaputra,Unkown
Fan Feng,Unkown
Fandong Meng,Unkown
Farid Ghani,Unkown
Faris Serdar Tasel,Unkown
Fatemeh Rahimian,Unkown
Fathi Fawi,Unkown
Fatih Yılmaz,Unkown
Fattah Alizadeh,Unkown
Faycal Bouchelaghem,Unkown
Fedelucio Narducci,Unkown
Federico Boschetti,Unkown
Federico Fancellu,Unkown
Federico Gaspari,Unkown
Federico Giusfredi,Unkown
Federico Nanni,Unkown
Federico Sangati,Unkown
Fedor Bykov,Unkown
Feiyan Hu,Unkown
Felice Dell’Orletta,Unkown
Felipe Sanchez-Martinez,Unkown
Felix Do Carmo,Unkown
Felix Sasaki,Unkown
Feng Gao,Unkown
Fergal McCaffery,Unkown
Ferhat Esenbel,Unkown
Fernando Benito-Lopez,Unkown
Fernando Diaz,Unkown
Fernando Kuipers,Unkown
Ferrando Bm Salvachua,Unkown
Fg Bailey,Unkown
Fh Abed,Unkown
Fiachra Collins,Unkown
Fiachra O’Brolcháin,Unkown
Filip Ginter,Unkown
Filip Klubicka,Unkown
Filip Klubička,Unkown
Finian Buckley,Unkown
Finnian Buckley,Unkown
Fiona Dermody,Unkown
Fiona Regan,Unkown
Fiona Skelly,Unkown
Fj Broullon,Unkown
Flaithri Neff,Unkown
Flavio Massimiliano Cecchini,Unkown
Florence Bannay,Unkown
Florian Metze,Unkown
Florian Poulin,Unkown
Florin Stroiescu,Unkown
Fm Asch,Unkown
Fouad Bahrpeyma,Unkown
Fr Abdel-Hameed,Unkown
Fra Herko Ter Horst,Unkown
Francesca Chiusaroli,Unkown
Francesca Frontini,Unkown
Francesca Gaudino,Unkown
Francesca Masini,Unkown
Francesco Amenta,Unkown
Francesco Amico,Unkown
Francesco Cutugno,Unkown
Francesco Lovecchio,Unkown
Francis Bond,Unkown
Francis J Hegarty,Unkown
Francisco M Couto,Unkown
Francisco Maia,Unkown
Franciska De Jong,Unkown
Franck Burlot,Unkown
Franco Maria Nardini,Unkown
Francois Alexandre,Unkown
Francois Goasmat,Unkown
Francois Pitie,Unkown
Frank Griesinger,Unkown
Frank Hopfgartner,Unkown
Frank Keenan,Unkown
Frank McKenna,Unkown
Frans Rj Verhey,Unkown
Franz Kainberger,Unkown
François Pitié,Unkown
François Yvon,Unkown
Fred Hollowood,Unkown
Freddy Lecue,Unkown
Frederic Will,Unkown
Frederico Caroli,Unkown
Friedrich Engels,Unkown
Frédéric Blain,Unkown
Frédéric Dufaux,Unkown
Frédéric Kaplan,Unkown
Fwa Brom,Unkown
Fwr Brambell,Unkown
G Abdula,Unkown
G Abrahamsson,Unkown
G Ambrosio,Unkown
G Auburger,Unkown
G Azzone,Unkown
G Band,Unkown
G Barge-Caballero,Unkown
G Bastarrika,Unkown
G Beaver,Unkown
G Bicker,Unkown
G Celik,Unkown
G De Simone,Unkown
G Di Salvo,Unkown
G Ercan,Unkown
G Esposito,Unkown
G Gizzi,Unkown
G Greil,Unkown
G Healy C Gurrin,Unkown
G Iakovidis,Unkown
G Jackson,Unkown
G Krljanac,Unkown
G Leftheriotis,Unkown
G Maragoni,Unkown
G Marti,Unkown
G Merlin Sheeba,Unkown
G Munnichs,Unkown
G Nilsson,Unkown
G Opolski,Unkown
G Portugal,Unkown
G Quenot,Unkown
G Rabago,Unkown
G Saridakis,Unkown
G Sauvage,Unkown
G Savioli,Unkown
G Siblini,Unkown
G Simonini,Unkown
G Stoker,Unkown
G Tapinos,Unkown
G Tsipolitis,Unkown
G Usai,Unkown
G Wood,Unkown
G.,Unkown
Ga Almond,Unkown
Ga Cohen,Unkown
Gabriela Magureanu,Unkown
Gabriela Ramírez-De-La-Rosa,Unkown
Gabriele Graffieti,Unkown
Gabriele Sauberer,Unkown
Gabriella Kazai,Unkown
Gabriella Pardelli,Unkown
Gabriella Pasi,Unkown
Gabrielle Ls Jenkin,Unkown
Gaetano Grasso,Unkown
Gaetano Rossiello,Unkown
Gail Burbage,Unkown
Gareth Jones,Professor
Gary Macfarlane,Unkown
Gary Munnelly,Unkown
Gauti Kristmannsson,Unkown
Gavin Giovannoni,Unkown
Gavin Mendel Gleason,Unkown
Gavin Wheeldon,Unkown
Gaël Dias,Unkown
Gc Abbott,Unkown
Gc Manole,Unkown
Gema Ramirez-Sanchez,Unkown
Geoff Hamilton,Associate Professor
Geoffroy Peeters,Unkown
Georg Langs,Unkown
Georg Rehm,Unkown
George A Gravvanis,Unkown
George Awad,Unkown
George E McNeill,Unkown
George Foster,Unkown
George Orwell,Unkown
George Paliouras,Unkown
George Woodcock,Unkown
Georges Quénot,Unkown
Georges Sorel,Unkown
Georgi Georgiev,Unkown
Georgios Theodoropoulos,Unkown
Gerald Friedland,Unkown
Geraldine B Boylan,Unkown
Geraldine Scanlon,Unkown
Gerard Derosiere,Unkown
Gerard Dray,Unkown
Gerard Marks,Unkown
Gerard McMahon,Unkown
Gerda Janssens,Unkown
Gerhard Backfried,Unkown
Gerhard Budin,Unkown
Gerhard Gossen,Unkown
Gerlinde Emsenhuber,Unkown
German I Parisi,Unkown
Gertie Oostingh,Unkown
Gheorghita Ghinea,Unkown
Gianluca E Lebani,Unkown
Gideon Maillette De Buy Wenniger,Unkown
Giles D Warrington,Unkown
Giles Fraser,Unkown
Giles Warrington,Unkown
Giorgio Guzzetta,Unkown
Giovanni Colavizza,Unkown
Giovanni Moretti,Unkown
Giovanni Semeraro,Unkown
Giovanni Stilo,Unkown
Giulia Boato,Unkown
Giulia Bonansinga,Unkown
Giulia Mattoni,Unkown
Giulia Venturi,Unkown
Giulio Nittari,Unkown
Giuseppe Attardi,Unkown
Giuseppe Castellucci,Unkown
Giuseppe Ga Celano,Unkown
Giuseppe Riccardi,Unkown
Giuseppe Rizzo,Unkown
Gj Alexander,Unkown
Gj King,Unkown
Gm Kidder,Unkown
Gm Venkatesh,Unkown
Gonçalo Avelar,Unkown
Gopal Joseph Ephraim Joseph,Unkown
Gopal Sridhar,Unkown
Gordon J Pace,Unkown
Gorka Labaka Intxauspe,Unkown
Gp Asner,Unkown
Grace Leslie,Unkown
Graham Healy,Assistant Professor
Grainne Kerr,Unkown
Grant Erdmann,Unkown
Greg Mp O’Hare,Unkown
Greg Snow,Unkown
Gregor Thurmair,Unkown
Gregory A Sanders,Unkown
Gregory May,Unkown
Grigoris Antoniou,Unkown
Grzegorz Chrupała,Unkown
Grégoire Détrez,Unkown
Gs Wagner,Unkown
Guergana Savova,Unkown
Guido Boella,Unkown
Guido Zuccon,Unkown
Guillaume Cabanac,Unkown
Guillaume Gravier,Unkown
Guillaume Wisniewski,Unkown
Gundula Heinatz Bürki,Unkown
Gunjan Kumar,Unkown
Guntis Barzdins,Unkown
Gunyel Bora Dinc Hakan,Unkown
Guodong Xie,Unkown
Guoqi Liu,Unkown
Gustavo De Los Campos,Unkown
Gustavo Stolovitzky,Unkown
Guto Leoni Santos,Unkown
Guy Van Den Broeck,Unkown
Gw Shepherd Jr,Unkown
Gylfi Þór Guðmundsson,Unkown
Gérard Derosière,Unkown
Görkem Giray,Unkown
Gülseren Çiçek,Unkown
Gültekin Cakir,Unkown
H Agndal,Unkown
H Alavi,Unkown
H Amthor,Unkown
H Ariga,Unkown
H Atan,Unkown
H Bakvis,Unkown
H Beynon,Unkown
H Blair,Unkown
H Bock,Unkown
H Bredin,Unkown
H Brookfield,Unkown
H Buller,Unkown
H Corbineau,Unkown
H Delerue,Unkown
H Depraetere,Unkown
H Devalia,Unkown
H Gavaller,Unkown
H Grotenhuis,Unkown
H Kawai,Unkown
H Keoshkerian,Unkown
H Klingemann,Unkown
H Le Breton,Unkown
H Lee,Unkown
H Lofmark,Unkown
H Luotolahti,Unkown
H Nakou,Unkown
H Norreklit,Unkown
H Przysiezniak,Unkown
H Seggewiss,Unkown
H Subramania,Unkown
H Szczepanik-Osadnik,Unkown
H Tanaka,Unkown
H Yan,Unkown
H Yun,Unkown
H.J. Crane,Unkown
Haakon Riiser,Unkown
Hacm Bruin De-Bon,Unkown
Haddow Barry,Unkown
Hadil Shaiba,Unkown
Hai Jin,Unkown
Hai-Dang Nguyen,Unkown
Haijun Wang,Unkown
Haiming Liu,Unkown
Haithem Afli,Unkown
Hakan Dinc,Unkown
Hakan Şahin,Unkown
Hakki Cankaya,Unkown
Hala Almaghout,Unkown
Halimah Badioze Zaman,Unkown
Hamdy A El-Metwally,Unkown
Hamed Zamani,Unkown
Hamid Beigy,Unkown
Hamish Cunningham,Unkown
Hamsini Ketheswarasarma Rajaram,Unkown
Hanadi Alhamdan,Unkown
Hang Li,Unkown
Hanh Duong,Unkown
Hanhua Chen,Unkown
Hanna Nurmi,Unkown
Hanna Suominen,Unkown
Hanwang Zhang,Unkown
Hany Hassan,Unkown
Hanzhi Zhu,Unkown
Hao Gui,Unkown
Hao Li,Unkown
Hao Wu,Unkown
Haolin Wei,Unkown
Haowen Liu,Unkown
Haoxuan Li,Unkown
Haree Jeyaram,Unkown
Harold Somers,Unkown
Harshal Chaudhari,Unkown
Harvey Whitehouse,Unkown
Hasan Ayaz,Unkown
Hayley Hung,Unkown
Hazal Ipek Kahraman,Unkown
Hazem Safwat,Unkown
Hazwani Mohd Mohadis,Unkown
Heather J. Ruskin,Professor
Heather Venables,Unkown
Hee-Seon Park,Unkown
Heechul Bae,Unkown
Heejo Lee,Unkown
Heekyoung Jung,Unkown
Heike Vornhagen,Unkown
Heiko Haller,Unkown
Hein Meling,Unkown
Helbert Arenas,Unkown
Helen Cooney,Unkown
Helen Dawes,Unkown
Helen L Sumner,Unkown
Helen McHugh,Unkown
Helen Quinn,Unkown
Helge Ritter,Unkown
Helmut Simonis,Unkown
Hemnaath Renganathan,Unkown
Hendrik Buimer,Unkown
Hendrik De Man,Unkown
Hendrik Koesling,Unkown
Hendrik Thomas,Unkown
Heng Ji,Unkown
Heng Tao Shen,Unkown
Henning Muller,Unkown
Henny Sluyter-Gäthje,Unkown
Henri Beunders,Unkown
Henrik Bengtsson,Unkown
Henrik Edlund,Unkown
Henry Elder,Unkown
Henry F Charles,Unkown
Henry Gorelick,Unkown
Henry Mayers Hyndman,Unkown
Herbert Marcuse,Unkown
Hermie Hermens,Unkown
Hervé Pusset,Unkown
Heybetkulu Mustafayev,Unkown
Hf Alderfer,Unkown
Hf Alrøe,Unkown
Hf Sta Maria,Unkown
Hg Wells,Unkown
Hideo Joho,Unkown
Hideyuki Shibuki,Unkown
Hiroaki Nanjo,Unkown
Hiromitsu Hishizaki,Unkown
Hiroshi Kanayama,Unkown
Hiroyuki Ohsaki,Unkown
Hj Blokhuis,Unkown
Hjalmar Branting,Unkown
Hk Anheier,Unkown
Hk Bhabha,Unkown
Hk Hadavand,Unkown
Hm Maghraby,Unkown
Hoang-Anh Le,Unkown
Hoang-Phuc Trang-Trung,Unkown
Hong Wan,Unkown
Hongfei Lin,Unkown
Hongliang Bai,Unkown
Hongyi Wang,Unkown
Hooman Peiro Sajjad,Unkown
Horst Friedrich,Unkown
Horst Lichter,Unkown
Hoshiladevi Ramnial,Unkown
Houssem Chatbri,Unkown
Houssem Jerbi,Unkown
Howard Bird,Unkown
Hr Kolar,Unkown
Hrafn Loftsson,Unkown
Hrm Radke,Unkown
Hs Duygu,Unkown
Hs Kemal,Unkown
Hs Subramania,Unkown
Hsin-Hsi Chen,Unkown
Hua Duan,Unkown
Huanhuan Xiong,Unkown
Huawei Li,Unkown
Huck Matthias,Unkown
Huda Khayrallah,Unkown
Huey Yee Lee,Unkown
Hugh J Byrne,Unkown
Hughie Devaney,Unkown
Hui Little,Unkown
Hui Wang,Unkown
Hw Arndt,Unkown
Hw Guesgen,Unkown
Hy Kim,Unkown
Hye-Soo Lee,Unkown
Hyonyoung Han,Unkown
Hyowon Lee,Unkown
Hyunsang Choi,Unkown
Håvard Johansen,Unkown
Héctor Alonso Martínez,Unkown
Hélène Amièva,Unkown
Hélène Mazo,Unkown
Hülya Duru,Unkown
Hürmet Fulya Akız,Unkown
Hüseyin Çakallı,Unkown
I Adams,Unkown
I Almuntaser,Unkown
I Anderson,Unkown
I Asahina,Unkown
I Atsuta,Unkown
I Baczko,Unkown
I Barba-Aragón,Unkown
I Bechmann,Unkown
I Bowler,Unkown
I Caple,Unkown
I Dan Melamed,Unkown
I Diamond,Unkown
I Drummond,Unkown
I Felekos,Unkown
I Grugulis,Unkown
I Kantola,Unkown
I Koletsou,Unkown
I Korolkov,Unkown
I Matin,Unkown
I Nedeljkovic,Unkown
I Riu,Unkown
I Ruthven,Unkown
I Scott,Unkown
I Shapiro,Unkown
I Stone,Unkown
I Szoke,Unkown
I Veissier,Unkown
I Wingerter-Seez,Unkown
I-Han Hsiao,Unkown
Iacer Calixto,Unkown
Iadh Ounis,Unkown
Iakes Goenaga,Unkown
Ian Callanan,Unkown
Ian Pitt,Unkown
Ian Robertson,Unkown
Ian Soboroff,Unkown
Ic Amobi,Unkown
Ido Dagan,Unkown
Ihe Hendrickx,Unkown
Ilangko Balasingham,Unkown
Ilias Tachmazidis,Unkown
Ilker Tekkesin,Unkown
Ilknur Durgar El-Kahlout,Unkown
Im Kora,Unkown
Immanuel Schwall,Unkown
In-Mindd Team,Unkown
Ines Rehbein,Unkown
Ingo Frommholz,Unkown
Ingo Thon,Unkown
Inguna Skadiņa,Unkown
Inigo Aramburu,Unkown
Ioana Buliga,Unkown
Ioana Ghergulescu,Unkown
Ioana Giurgiu,Unkown
Ioana Hulpuş,Unkown
Ioannis Giannopolos,Unkown
Ioannis Kompatsiaris,Unkown
Ionel Jian,Unkown
Ipek And Oge,Unkown
Irem And Orkun,Unkown
Irene De Felice,Unkown
Irene Russo,Unkown
Irina A Roznovat,Unkown
Irina Balaur,Unkown
Irina Galinskaya,Unkown
Irina Tal,Assistant Professor
Irmak Angun,Unkown
Isabelle Ferrané,Unkown
Isabelle Laffont,Unkown
Ishak Altun,Unkown
Ita Richardson,Unkown
Ivan Eggel,Unkown
Ivan Varzinczak,Unkown
Ivanovitch Silva,Unkown
Ivar Lo-Johansson,Unkown
Iveel Jargalsaikhan,Unkown
Iván Martinez,Unkown
Izabel Meister,Unkown
Iñaki Alegría Loinaz,Unkown
J Abbott,Unkown
J Abor,Unkown
J Abueva,Unkown
J Allen,Unkown
J Anderson,Unkown
J Andrew,Unkown
J Andrews,Unkown
J Arrowsmith,Unkown
J Ashraf,Unkown
J Aubel,Unkown
J Aubin,Unkown
J Barba,Unkown
J Barney,Unkown
J Baudrillard,Unkown
J Baxter,Unkown
J Baylis,Unkown
J Bebbington,Unkown
J Becker,Unkown
J Bouffard,Unkown
J Bratton,Unkown
J Bravo,Unkown
J Bro-Jeppesen,Unkown
J Broadbent,Unkown
J Bryan,Unkown
J Carvalho De Sousa,Unkown
J Cho,Unkown
J Correia,Unkown
J Cosgrave,Unkown
J Court,Unkown
J Curran,Unkown
J Daly,Unkown
J Delmotte,Unkown
J Deprest,Unkown
J Dewhurst,Unkown
J Dreyfus,Unkown
J Earnshaw,Unkown
J Emel,Unkown
J Ericksen,Unkown
J Ernst,Unkown
J Frankish,Unkown
J Gerdin,Unkown
J Gilmore,Unkown
J Gold,Unkown
J Griffiths,Unkown
J Guardado,Unkown
J Hage,Unkown
J Harrison,Unkown
J He,Unkown
J Jabes,Unkown
J Janenaite,Unkown
J Jayanthi,Unkown
J Jiang,Unkown
J Ko,Unkown
J Kochanowski,Unkown
J Kontaraki,Unkown
J Laage-Hellman,Unkown
J Lee,Unkown
J Levêque,Unkown
J Logakis,Unkown
J Love,Unkown
J Magalhaes,Unkown
J Marcinkeviciene,Unkown
J Mayet,Unkown
J Morais,Unkown
J Morrison,Unkown
J O’Rourke,Unkown
J Pandit Harshvardhan,Unkown
J Peixoto,Unkown
J Peteiro,Unkown
J Proudfoot,Unkown
J Purvis,Unkown
J Rodriguez-Palomares,Unkown
J Schafer,Unkown
J Silva Marques,Unkown
J Sotelo,Unkown
J Stanworth,Unkown
J Storey,Unkown
J Vaskelyte,Unkown
J Veatch,Unkown
J Viikari,Unkown
J Waldron,Unkown
J Walker,Unkown
J Weng,Unkown
J Wheelock,Unkown
J Wurmel,Unkown
J Yu,Unkown
J Zanaboni,Unkown
J Zhang,Unkown
J Zhou,Unkown
J.,Unkown
J. Johansen,Unkown
J.F. Jones,Unkown
J.J. Ekstrom,Unkown
Ja Aslam,Unkown
Ja Brimson,Unkown
Ja Moukarzel,Unkown
Jaakko Peltonen,Unkown
Jaap Gordijn,Unkown
Jaap Kamps,Unkown
Jac Baum,Unkown
Jacek Gwizdka,Unkown
Jack London,Unkown
Jack McCallum,Unkown
Jackie Hill,Unkown
Jacky Montmain,Unkown
Jacques Savoy,Unkown
Jacqui Clinch,Unkown
Jaeyoung Choi,Unkown
Jagadeeswaran Thangaraj,Teaching Assistant
Jaime B Fernandez,Unkown
Jaime Teevan,Unkown
Jakub Bystroň,Unkown
Jakub Lokoč,Unkown
Jakub Lokoš,Unkown
James Barry,Unkown
James Bradbury,Unkown
James Byrne,Unkown
James C Costello,Unkown
James Curtis,Unkown
James Hadley,Unkown
James J Collins,Unkown
James Lanagan,Unkown
James O’Donnell,Unkown
James Power,Unkown
James Stanley,Unkown
James T Murphy,Unkown
Jan Buts,Unkown
Jan Dědek,Unkown
Jan Hajic,Unkown
Jan Hajič,Unkown
Jan M Pawlowski,Unkown
Jan Mašek,Unkown
Jan Niehues,Unkown
Jan Odijk,Unkown
Jan Včelák,Unkown
Jan Štěpánek,Unkown
Jane Dickson,Unkown
Jane Dunne,Unkown
Jane Horgan,Unkown
Jane Kernan,Lecturer
Jane Martindale,Unkown
Jane Reilly Delannoy,Unkown
Jane Suiter,Unkown
Janet Hoek,Unkown
Janet McDonagh,Unkown
Jannica Heinström,Unkown
Janosch Priebe,Unkown
Janyce Wiebe,Unkown
Jaroslava Hlaváčová,Unkown
Javier Baliosian,Unkown
Javier D Fernández,Unkown
Jayashree Kalpathy-Cramer,Unkown
Jb Steele,Unkown
Jds Ana,Unkown
Je Anderson,Unkown
Je Bolton,Unkown
Je Cliff,Unkown
Je Moller,Unkown
Je Sanderson,Unkown
Jean-Bernard Martens,Unkown
Jelena Vasic,Unkown
Jemil Gambo,Unkown
Jenna Kanerva,Unkown
Jennifer Fagan,Unkown
Jennifer Foster,Lecturer
Jennifer Van Der Puil,Unkown
Jenny Benois-Pineau,Unkown
Jenny Lewis,Unkown
Jens Ducree,Unkown
Jens R Dreßler,Unkown
Jer Hayes,Unkown
Jeremy Debattista,Unkown
Jeremy Gwinnup,Unkown
Jeroen Daanen,Unkown
Jeroen De Jong,Unkown
Jeroen Van Grondelle,Unkown
Jerôme Froger,Unkown
Jessica Brahman,Unkown
Jf Mahon,Unkown
Jg Manning,Unkown
Jg Papp,Unkown
Jh Kim,Unkown
Ji Fang,Unkown
Jia Jia,Unkown
Jian Tang,Unkown
Jian Zhang,Unkown
Jiang Bian,Unkown
Jiang Xiao,Unkown
Jiang Zhaou,Unkown
Jiang Zhou,Unkown
Jianquan Liu,Unkown
Jianwen Wu,Unkown
Jianxun Liu,Unkown
Jie Jiang,Unkown
Jie Shi,Unkown
Jie Song,Unkown
Jill Firth,Unkown
Jill Freyne,Unkown
Jim Connelly,Unkown
Jim Davies,Unkown
Jim Dowling,Unkown
Jim Duggan,Unkown
Jim Egan,Unkown
Jim O’Donoghue,Unkown
Jingguang Han,Unkown
Jinho Choi,Unkown
Jinhua Du,Unkown
Jinlin Guo,Unkown
Jinming Min,Unkown
Jinwei Liu,Unkown
Jisha Jose Panackal,Unkown
Jiujun Cheng,Unkown
Jk Blackburn,Unkown
Jl Balcázar,Unkown
Jl Pinfold,Unkown
Jm Belote,Unkown
Jm Burgos,Unkown
Jm Filipuzzi,Unkown
Jm Moneva-Abadía,Unkown
Jo O’Neill,Unkown
Jo White,Unkown
Joachim Köhler,Unkown
Joachim Wagner,Unkown
Joakim Nivre,Unkown
Joanna McHugh,Unkown
Joao Fernandes,Unkown
Joao Magalhaes,Unkown
Joao Palotti,Unkown
Jochen Hm Prehn,Unkown
Jochen Meyer,Unkown
Jochen Schwenninger,Unkown
Joe Duffin,Unkown
Joel Fleck,Unkown
Joel J Fleck Ii,Unkown
Joel Tetreault,Unkown
Joey Liu,Unkown
Jogile Kuklyte,Unkown
Johan Lukkien,Unkown
Johan Oomen,Unkown
Johan Vlaeyen,Unkown
Johann Issartel,Unkown
Johann Roturier,Unkown
Johanna Monti,Unkown
Johannes Andresen,Unkown
Johannes Klostermann,Unkown
Johannes Leveling,Unkown
Johansen,Unkown
John Adebayo Kolawole,Unkown
John B Andrews,Unkown
John Barton,Unkown
John Bauer,Unkown
John Buckley,Unkown
John Burns,Unkown
John Camilleri,Unkown
John Cardiff,Unkown
John Cleary,Unkown
John Clifford,Unkown
John Collins,Unkown
John G Breslin,Unkown
John Garrigan,Unkown
John Healy,Unkown
John Humphrey Noyes,Unkown
John Ioannou,Unkown
John Iversen,Unkown
John Judge,Unkown
John Keeney,Unkown
John Loane,Unkown
John Loughlin,Unkown
John Lowry,Unkown
John McKenna,Lecturer
John Mcdowell Leawitt,Unkown
John Monks,Unkown
John Murphy,Unkown
John Pendlebury,Unkown
John R Commons,Unkown
John Roberto,Unkown
John Rothwell,Unkown
John Sloan,Unkown
John Sowa,Unkown
John Spargo,Unkown
John Strassner,Unkown
John Tinsley,Unkown
John Walsh,Unkown
John Wright,Unkown
John Yek,Unkown
Johnny Wei,Unkown
Jolanta Brzostek-Pawłowska,Unkown
Jon Arild Olsen,Unkown
Jon Chamberlain,Unkown
Jonas Vlasselaer,Unkown
Jonathan Bradley,Unkown
Jonathan Fiscus,Unkown
Jonathan Pool,Unkown
Jooyoung Seo,Unkown
Jordi Guitart,Unkown
Jordi Saludes,Unkown
Jorge Ferrández-Tordera,Unkown
Joris Renkens,Unkown
Joris Van Aart,Unkown
Joris Vreeke,Unkown
Jorn Johansen,Unkown
Jose A Lozano,Unkown
Jose De Souza,Unkown
Josef Dietzgen,Unkown
Josef Van Genabith,Unkown
Joseph Antony,Unkown
Joseph Duffin,Unkown
Joseph G Manning,Unkown
Joseph Hurley,Unkown
Joseph Le Roux,Unkown
Joseph Timoney,Unkown
Josephine Andrews,Unkown
Joshua Robertson,Unkown
Josiane Mothe,Unkown
Josiane Xavier Parreira,Unkown
Joss Moorkens,Unkown
José Abilio De Oliveira Matos,Unkown
José Ao Matos,Unkown
José Juan Dominguez,Unkown
José Luis Fonseca,Unkown
José Manuel Gómez Pérez,Unkown
José Pereira,Unkown
Jouri Fledderman,Unkown
Joydev Ghosh,Unkown
João Paulo,Unkown
Jp Hollingdale,Unkown
Jp Rutherfoord,Unkown
Jp Viale,Unkown
Jr Barton,Unkown
Js Bain,Unkown
Js Coleman,Unkown
Jt Childers,Unkown
Ju Voigt,Unkown
Juan Diego Ortega,Unkown
Judie Attard,Unkown
Juha Kuokkala,Unkown
Julia Dorothée Stoffregen,Unkown
Julia Kreutzer,Unkown
Julia O’Rourke,Unkown
Julia Taylor,Unkown
Juliana Borin,Unkown
Juliano Efson Sales,Unkown
Julie Carson-Berndsen,Unkown
Julie Doyle,Unkown
Julie Middleton,Unkown
Julien Gobeill,Unkown
Juliette Hurtier,Unkown
Julio Gonzalo,Unkown
Julián Urbano,Unkown
Jun Li,Unkown
Jun Lu,Unkown
Jun Xie,Unkown
Jun-Ki Kim,Unkown
Junhui Li,Unkown
Junli Liang,Unkown
Junwei Han,Unkown
Junyoung Chung,Unkown
Jus Kocijan,Unkown
Jussi Karlgren,Unkown
Jussi Piitulainen,Unkown
Justin Brophy,Unkown
Justin Daly,Unkown
Justin Zobel,Unkown
Jörg Domaschka,Unkown
Jörg Tiedemann,Unkown
Jørn Johansen,Unkown
K Acharya,Unkown
K Aggeli,Unkown
K Ahmed,Unkown
K Anderson,Unkown
K Annan,Unkown
K Anselme,Unkown
K Arrow,Unkown
K Aznaouridis,Unkown
K Ball,Unkown
K Barr,Unkown
K Bendjelid,Unkown
K Bennett,Unkown
K Bieback,Unkown
K Blaut,Unkown
K Bonner,Unkown
K Brown,Unkown
K Chan,Unkown
K Daly,Unkown
K De,Unkown
K Dunlop,Unkown
K Emilsson,Unkown
K Graham,Unkown
K Hirata,Unkown
K Huxley,Unkown
K Iordanidou,Unkown
K Kaarbøe,Unkown
K Karakostas,Unkown
K Keramida,Unkown
K Kraus,Unkown
K Loboz,Unkown
K Mahara,Unkown
K March,Unkown
K Mc Donald,Unkown
K Mueller,Unkown
K Norris,Unkown
K Ntekas,Unkown
K Praveen,Unkown
K Rokas,Unkown
K Roufas,Unkown
K Savino,Unkown
K Scott,Unkown
K Shahgaldi,Unkown
K Shakya,Unkown
K Sisson,Unkown
K Subr,Unkown
K Sworczak,Unkown
K Welch,Unkown
K Whitfield,Unkown
K-Y Lee,Unkown
Ka Alexander,Unkown
Ka Johns,Unkown
Kaarel Kaljurand,Unkown
Kabita Shakya,Unkown
Kadri Vider,Unkown
Kai Bergmann,Unkown
Kai Keng Ang,Unkown
Kai Kunze,Unkown
Kaja Dobrovoljc,Unkown
Kaja-Maria Baumann,Unkown
Kalervo Järvelin,Unkown
Kalina Bontcheva,Unkown
Kamal Hakimzadeh,Unkown
Kamal Kumar Gupta,Unkown
Kamal Ramzipoor,Unkown
Kaniz Fatema,Unkown
Kaori Ishii,Unkown
Karen Carey,Unkown
Karen Partridge,Unkown
Karen Pinel-Sauvagnat,Unkown
Karen Sg Chua,Unkown
Karin Verspoor,Unkown
Karina Villarroel Peniza,Unkown
Karl Kautsky,Unkown
Karl Kreiner,Unkown
Karl Marx,Unkown
Karthika Raghavan,Unkown
Kartic Subr,Unkown
Katalin Pauly-Takacs,Unkown
Katalin Simkó,Unkown
Katalin Szabò,Unkown
Katarina Domijan,Unkown
Kate Irving,Unkown
Kate Thompson,Unkown
Katherine Young,Unkown
Kathy And Direkoglu,Unkown
Kathy Clawson,Unkown
Katia Kermanidis,Unkown
Katie A Siek,Unkown
Katrin Marheinecke,Unkown
Kaushik Venkataraman,Unkown
Kay Deckers,Unkown
Kazuaki Kishida,Unkown
Ke Hu,Unkown
Ke Hughes,Unkown
Keelin Murphy,Unkown
Keisuke Kameyama,Unkown
Keith Cortis,Unkown
Keith Curtis,Unkown
Keith Griffin,Unkown
Keith Nolan,Unkown
Keith Van Rijsbergen,Unkown
Ken Bailey,Unkown
Ken Jones,Unkown
Kenneth Conroy,Unkown
Kenny Holden,Unkown
Kenny Mitchell,Unkown
Kent Simonsen,Unkown
Kepa Bengoetxea,Unkown
Kepa Sarasola,Unkown
Kerem Kemaneci,Unkown
Ketan Mayer-Patel,Unkown
Kevin Almeroth,Unkown
Kevin B Anderson,Unkown
Kevin C Feeney,Unkown
Kevin Casey,Unkown
Kevin D O’Brien,Unkown
Kevin Duh,Unkown
Kevin Feeney,Unkown
Kevin Fraser,Unkown
Kevin J Fraser,Unkown
Kevin Mandrick,Unkown
Kevin McCarthy,Unkown
Kevin McGuinness,Unkown
Kevin Murphy,Unkown
Kevin Ouwehand,Unkown
Kevin Power,Unkown
Kevin Ryan,Unkown
Kevin Sweeney,Unkown
Kg Adamyan,Unkown
Khaled Moradi,Unkown
Khalid Choukri,Unkown
Khalil Sima’An,Unkown
Khanh Nguyen,Unkown
Kheireddine Biroud,Unkown
Khurshid Ahmad,Unkown
Kieran Daly,Unkown
Kieran Dowd,Unkown
Kieran Moran,Unkown
Kieron O’Hara,Unkown
Kim Lau,Unkown
King-Tong Lau,Unkown
Kiril Simov,Unkown
Kirils Sloka,Unkown
Kirk Zhang,Unkown
Kiyo Aizawa,Unkown
Kiyoharu Aizara,Unkown
Kiyoharu Aizawa,Unkown
Kjerstin Torre,Unkown
Kl Sedatole,Unkown
Klaus Neukrantz,Unkown
Klaus Pohl,Unkown
Klaus Schoeffmann,Unkown
Klaus-Dirk Schmitz,Unkown
Klemens Kaderk,Unkown
Kleppe Martijn,Unkown
Knut Tarnowski,Unkown
Ko Mason,Unkown
Koel Dutta Chowdhury,Unkown
Koenraad De Smedt,Unkown
Koichi Kise,Unkown
Kok Soon Phua,Unkown
Koldo Gojenola,Unkown
Konrad Kording,Unkown
Konstantin Pentchev,Unkown
Konstantin Pogorelov,Unkown
Konstantinos Karampidis,Unkown
Konstantinos M Giannoutakis,Unkown
Kostadin Cholakov,Unkown
Kostas Magoutis,Unkown
Kotaro Sakamoto,Unkown
Kouzi Xing,Unkown
Kp Jevitha,Unkown
Krasimir Angelov,Unkown
Kripabandhu Ghosh,Unkown
Krister Lindén,Unkown
Kristian McGlinn,Unkown
Kristin M Tolle,Unkown
Kristina Groth,Unkown
Kurt Rothermel,Unkown
Kw Beisel,Unkown
Kwang-Roh Park,Unkown
Kweon Woo Jung,Unkown
Kyle R Allison,Unkown
Kyrylo Khaletskyy,Unkown
Kyunghyun Cho,Unkown
L Allen,Unkown
L Almeida Morais,Unkown
L Alvarez Roy,Unkown
L Armand-Lefevre,Unkown
L Asquith,Unkown
L Berghman,Unkown
L Boltanski,Unkown
L Branco,Unkown
L Busch,Unkown
L Campbell,Unkown
L Cerit,Unkown
L Christiaens,Unkown
L Dal Bianco,Unkown
L Deister,Unkown
L Di Ciaccio,Unkown
L Doherty,Unkown
L Dyer,Unkown
L Ferreira,Unkown
L Goncalves,Unkown
L Gucciardo,Unkown
L Gutierrez,Unkown
L Heelan,Unkown
L Hemeryck,Unkown
L Juillet,Unkown
L Jung,Unkown
L Koeber,Unkown
L Muthukumar,Unkown
L Neill,Unkown
L Nodulman,Unkown
L Parker,Unkown
L Perren,Unkown
L Santos,Unkown
L Savic,Unkown
L Sels,Unkown
L Smith,Unkown
L Sousa,Unkown
L Spinelli,Unkown
L Tuset,Unkown
L Vestergaard,Unkown
L Wellesley,Unkown
L Zarma,Unkown
L Zhang,Unkown
L Zhou,Unkown
La Alsaid,Unkown
La Brodin,Unkown
La Miranda Gomide,Unkown
La Mohamed,Unkown
Laleh Jalali,Unkown
Lama Alaskar,Unkown
Lambert Schomaker,Unkown
Lamia Tounsi,Unkown
Lao Songyang,Unkown
Lara Kelly,Unkown
Larraitz Uria,Unkown
Lars Kristensen,Unkown
Laura Bota,Unkown
Laura Casanellas,Unkown
Laura Christina Galea,Unkown
Laura Coates,Unkown
Laura Dragan,Unkown
Laura E Raileany,Unkown
Laura Gorrieri,Unkown
Laura Pollacci,Unkown
Laura Rimell,Unkown
Laura Tolosi,Unkown
Laure Le Bars,Unkown
Laurent Amsaleg,Unkown
Laurentiu Vasiliu,Unkown
Laurette Pretorius,Unkown
Lauri Tuovinen,Unkown
Lauriane Aufrant,Unkown
Lawrence J Crane,Unkown
Lc Hunter,Unkown
Le Price,Unkown
Le Tu-Khiem,Unkown
Lee Ball,Unkown
Lee Rooney,Unkown
Leh Van Dokkum,Unkown
Lei Zhang,Unkown
Leif Hanlen,Unkown
Leila Amgoud,Unkown
Leo Iaquinta,Unkown
Leo Tolstoy,Unkown
Leo Wanner,Unkown
Leon Trotsky,Unkown
Leonardo Gualano,Unkown
Leonardo Souza,Unkown
Leroy Finn,Unkown
Lesley Kay,Unkown
Lesley Regan,Unkown
Leslie Daly,Unkown
Lex Van Velsen,Unkown
Lexi Birch,Unkown
Lexing Xie,Unkown
Li Zhang,Unkown
Liadh Kelly,Unkown
Liam Murphy,Unkown
Liane Guillou,Unkown
Liang Bai,Unkown
Liang Ma,Unkown
Liangyou Li,Unkown
Lifelog Task,Unkown
Lifeng Han,Unkown
Lifeng Sun,Unkown
Liguang Zhou,Unkown
Lijuan Zhou,Unkown
Lili Nurliyana Abdullah,Unkown
Lili Zhang,Unkown
Lilja Øvrelid,Unkown
Lin Yang,Unkown
Linardos Panagiotis,Unkown
Linda Cappellato,Unkown
Liqiang Nie,Unkown
Lisa K Kenyon,Unkown
Lisa Loughney,Unkown
Lisa McInerney,Unkown
Lisa Van Der Werff,Unkown
Liting Zhou,Unkown
Liu Qun,Unkown
Livio Robaldo,Unkown
Liviu Daniel Stefan,Unkown
Ljiljana Dolamic,Unkown
LjubiˇSa Kocinac,Unkown
Lluís Marquez,Unkown
Lm Jackson,Unkown
Lm Mir,Unkown
Lm Sakamon,Unkown
Ln Signal,Unkown
Logacheva Varvara,Unkown
Loganathan Ramasamy,Unkown
Long Cheng,Assistant Professor
Longhao Zou,Unkown
Longyue Wang,Unkown
Lorcan Walsh,Unkown
Loredana Cupi,Unkown
Lorenzo Gregori,Unkown
Lorenzo Pellegrini,Unkown
Lori Lamel,Unkown
Lorraine Boran,Unkown
Lorraine Goeuriot,Unkown
Lorraine McNerney,Unkown
Louis-Philippe Morency,Unkown
Louise Hopper,Unkown
Louise Signal,Unkown
Loïc Barrault,Unkown
Lp Badano,Unkown
Lp Olander,Unkown
Lr Tumasyan,Unkown
Luc De Raedt,Unkown
Luc Meertens,Unkown
Luca Lonini,Unkown
Luca Piras,Unkown
Luca Polonio,Unkown
Luca Rossetto,Unkown
Luca Rossini,Unkown
Lucas Azavedo,Unkown
Lucas Azevedo,Unkown
Lucas Braddock Chen,Unkown
Lucia Passaro,Unkown
Lucia Siciliani,Unkown
Lucia Specia,Unkown
Lucy McKenna,Unkown
Ludovico Boratto,Unkown
Luigi Buglione,Unkown
Luigi Di Caro,Unkown
Luis Carli,Unkown
Luiz Affonso Guedes,Unkown
Luiz Fernando Bittencourt,Unkown
Luka Murn,Unkown
Luke Conroy,Unkown
Luís Gomes,Unkown
Luís Veiga,Unkown
Ly-Duyen Tran,Unkown
M Abdelrasoul,Unkown
M Adiseshiah,Unkown
M Aiken,Unkown
M Akashi,Unkown
M Al-Kaff,Unkown
M Albrow,Unkown
M Ali,Unkown
M Alini,Unkown
M Amano,Unkown
M Annisette,Unkown
M Anyadike-Danes,Unkown
M Arnaboldi,Unkown
M Arraiza,Unkown
M Asanin,Unkown
M Asano-Tamanoi,Unkown
M Ashfaque,Unkown
M Atwood,Unkown
M Bader,Unkown
M Bagyanszki,Unkown
M Bahr,Unkown
M Bajaj-Elliott,Unkown
M Baldassare,Unkown
M Baliamoune-Lutz,Unkown
M Banovic,Unkown
M Barnes,Unkown
M Barr,Unkown
M Beeson,Unkown
M Bennett,Unkown
M Beraldo,Unkown
M Bhat,Unkown
M Bhatt,Unkown
M Biggiogera,Unkown
M Bitner-Glindzicz,Unkown
M Bläuer,Unkown
M Bosman,Unkown
M Bourrie,Unkown
M Brown,Unkown
M Brümmer,Unkown
M Buchowski,Unkown
M Buckley,Unkown
M Byszewski,Unkown
M Carroll,Unkown
M Castano Ruiz,Unkown
M Cavalli-Sforza,Unkown
M Charles,Unkown
M Cinteza,Unkown
M Dani,Unkown
M Delmastro,Unkown
M Denes,Unkown
M Denizci Nazligul,Unkown
M Descalzo,Unkown
M Drabenstott,Unkown
M Dris,Unkown
M Duijf,Unkown
M Eduardo Ares,Unkown
M Elgowelly,Unkown
M Elshafei,Unkown
M Ersboell,Unkown
M Fijalkowski,Unkown
M Fu,Unkown
M Galderisi,Unkown
M Govindan,Unkown
M Gravellone,Unkown
M Gray,Unkown
M Hall,Unkown
M Hart,Unkown
M Hauswirth,Unkown
M Jakobsen,Unkown
M Kostkiewicz,Unkown
M Kurimo,Unkown
M Lengyel,Unkown
M Liden,Unkown
M Lipczynska,Unkown
M Lopez Benito,Unkown
M Lopez-Perez,Unkown
M Luotolahti,Unkown
M Madeira,Unkown
M Maeno,Unkown
M Malanca,Unkown
M Mandour Ali,Unkown
M Mann,Unkown
M Marcelo Cavalanti,Unkown
M Marchel,Unkown
M Marchington,Unkown
M Marketou,Unkown
M Martinez,Unkown
M Mieiro,Unkown
M Miller,Unkown
M Mohemmed Sha,Unkown
M Moraldo,Unkown
M Nedeljkovic,Unkown
M Nissanke,Unkown
M Olszowska,Unkown
M Ostojic,Unkown
M Pasowicz,Unkown
M Petrovic,Unkown
M Przewlocka-Kosmala,Unkown
M Ram,Unkown
M Rami Ghorab,Unkown
M Riegler,Unkown
M Rodriguez-Manero,Unkown
M Rogerson,Unkown
M Roik,Unkown
M Saito,Unkown
M Santoro,Unkown
M Saqi,Unkown
M Sayegh,Unkown
M Schwoerer,Unkown
M Shah,Unkown
M Smith,Unkown
M Soleymani,Unkown
M Song,Unkown
M Sosebee,Unkown
M Taylor,Unkown
M Tomaszewski,Unkown
M Vaarst,Unkown
M Versiero,Unkown
M Waldenborg,Unkown
M Wodecki,Unkown
M Zachariah,Unkown
M Zaharieva,Unkown
M Zemedkun,Unkown
M-Dyaa Albakour,Unkown
M-Tahar Kechadi,Unkown
M.,Unkown
M. De Rijke,Unkown
M. Reiner,Unkown
"M.A. Gulec,Ulas And Gozcu",Unkown
Ma Gerritzen,Unkown
Ma Gozcu,Unkown
Ma Lgorzata Gutowska,Unkown
Ma Oraby,Unkown
Ma Raghuram,Unkown
Ma Shupe,Unkown
Maarten De Rijke,Unkown
Macedo Maia,Unkown
Maciej Ogrodniczuk,Unkown
Madalin Gavrilescu,Unkown
Madoka Ishioroshi,Unkown
Mads Haahr,Unkown
Maedeh Mansoubi,Unkown
Magnus Stenhaug,Unkown
Mahamod Ismail,Unkown
Mahedi Kaysar,Unkown
Mahnaz Arvaneh,Unkown
Mahnaz Arvenah,Unkown
Mai Alduailij,Unkown
Mai-Khiem Tran,Unkown
Maire Connolly,Unkown
Mairéad Cantwell,Unkown
Mairéad Nic Giolla Mhichíl,Unkown
Maite Aragonés Lumeras,Unkown
Maite Melero,Unkown
Maja Popovic,Unkown
Makii Muthalib,Unkown
Makoto P Kato,Unkown
Malcolm Brady,Unkown
Malek Ben Khaled,Unkown
Malika Bendechache,Assistant Professor
Malvina Nissim,Unkown
Mamiko Matsubayashi,Unkown
Mandar Mitra,Unkown
Manel Zarrouk,Unkown
Manera V.,Unkown
Manfred Del Fabro,Unkown
Manfred Gschwandtner,Unkown
Manfred Hauswirth,Unkown
Manh-Duy Nguyen,Unkown
Manisha Ganguly,Unkown
Manisha Verma,Unkown
Manju Nanda,Unkown
Manoj Kesavulu,Unkown
Manolis Kellis,Unkown
Mansoor Saqi,Unkown
Manuel Herranz,Unkown
Manuel Mora,Unkown
Manuela Hurlimann,Unkown
Manuela Sanguinetti,Unkown
Manuela Speranza,Unkown
Marc Anthony Palminteri,Unkown
Marc Devocelle,Unkown
Marc Górriz,Unkown
Marc Poch,Unkown
Marc Ritter,Unkown
Marcel Worring,Unkown
Marcin Junczys-Dowmunt,Unkown
Marcin Wolinski,Unkown
Marco Angster,Unkown
Marco Carnesecchi,Unkown
Marco De Gemmis,Unkown
Marco Di Ciano,Unkown
Marco Kuhlmann,Unkown
Marco Passarotti,Unkown
Marco Peressotti,Unkown
Marco Polignano,Unkown
Marco Stranisci,Unkown
Marco Turchi,Unkown
Marco Venuti,Unkown
Marcos Nieto,Unkown
Marcos Zampieri,Unkown
Marcus Butler,Unkown
Marcus Keane,Unkown
Marek Mazur,Unkown
Marek Rucinski,Unkown
Margaret Farren,Unkown
Marguerite Fuller,Unkown
Maria Bermudez-Edo,Unkown
Maria Cabral,Unkown
Maria Eskevich,Unkown
Maria Gavriilidou,Unkown
Maria Giagkou,Unkown
Maria Gialama,Unkown
Maria Jesus Aranzabe,Unkown
Maria Laura Pierucci,Unkown
Maria Mateva,Unkown
Maria O’Neil,Unkown
Maria Pierce,Unkown
Maria Simi,Unkown
Mariana Damova,Unkown
Mariana Neves,Unkown
Marianna Apidianaki,Unkown
Marianne Reboul,Unkown
Marie Candito,Unkown
Marie Catherine De Marneffe,Unkown
Marie-Francine Moens,Unkown
Marieke Van Erp,Unkown
Mariella Dimiccoli,Unkown
Marielle Goossens,Unkown
Marija Bezbradica,Assistant Professor
Marijn Mengerink,Unkown
Marilena Bratu,Unkown
Marilena Di Bari,Unkown
Marina Purgina,Unkown
Marinho Barcellos,Unkown
Marino Miculan,Unkown
Mario Macías,Unkown
Marion Lepmets,Unkown
Marion Pech,Unkown
Maristella Agosti,Unkown
Marius Kinderis,Unkown
Mariye Umay Akkaya,Unkown
Marjan Van Den Akker,Unkown
Mark Cummins,Unkown
Mark Dras,Unkown
Mark Fishel,Unkown
Mark Gaffney,Unkown
Mark Gerrity,Unkown
Mark Glynn,Unkown
Mark Greenwood,Unkown
Mark Hughes,Unkown
Mark Humphrys,Assistant Professor
Mark I Johnson,Unkown
Mark Lizar,Unkown
Mark Lynch,Unkown
Mark Marsden,Unkown
Mark P Johnson,Unkown
Mark Porcheret,Unkown
Mark Roantree,Professor
Mark Sanderson,Unkown
Mark Truran,Unkown
Mark Twain,Unkown
Marko Tadić,Unkown
Markus Egg,Unkown
Markus Freudenberg,Unkown
Markus Gross,Unkown
Markus Helfert,Unkown
Markus Hofer,Unkown
Markus Holzer,Unkown
Markus Schedl,Unkown
Marlene Kritz,Unkown
Marlies Den Hollander,Unkown
Marlon Oliveira,Unkown
Marshall Flax,Unkown
Marta Mrak,Unkown
Marta R Costa-Jussà,Unkown
Marten Fischer,Unkown
Martha Larson,Unkown
Marti Hearst,Unkown
Martial Michel,Unkown
Martijn Wieling,Unkown
Martin Braschler,Unkown
Martin Chodorow,Unkown
Martin Crane,Associate Professor
Martin Etzrodt,Unkown
Martin Halvey,Unkown
Martin Homola,Unkown
Martin Lee,Unkown
Martin Luts,Unkown
Martin McHugh,Unkown
Martin Nicolaus,Unkown
Martin O Connor,Unkown
Martin O’Reilly,Unkown
Martin Pj Van Boxtel,Unkown
Martin Popel,Unkown
Martin Thomas,Unkown
Martin Tiefengrabner,Unkown
Martin Van Boxtel,Unkown
Martin Volk,Unkown
Martyn Lewis,Unkown
Marwa Almasoud,Unkown
Mary Hearne,Unkown
Mary J O’Connell,Unkown
Mary M Tuohy,Unkown
Mary Sánchez‐Gordón,Unkown
Maryam Basereh,Unkown
Maryanne Doyle,Unkown
Mas,Unkown
Masayuki Asahara,Unkown
Masnizah Mohd,Unkown
Matej Rojc,Unkown
Mathias Lux,Unkown
Mathias Müller,Unkown
Mathieu Frappier,Unkown
Mathieu Goessens,Unkown
Mathieu Pasquet,Unkown
Matt Bunch,Unkown
Matt Post,Unkown
Matt Spencer,Unkown
Matt Whitman,Unkown
Matteo Negri,Unkown
Matthew Lungren,Unkown
Matthew Nicholson,Unkown
Matthew P Buman,Unkown
Matthew R Patterson,Unkown
Matthew Tretter,Unkown
Matthias Huck,Unkown
Matthias Jordan,Unkown
Matthias Nickles,Unkown
Matthias Samwald,Unkown
Matthias Sperber,Unkown
Maura Conway,Unkown
Mauricio Villegas,Unkown
Mauro Cettolo,Unkown
Mauro Dragone,Unkown
Max Brunner,Unkown
Max Gravitt,Unkown
Max Grosse,Unkown
Max Horkheimer,Unkown
Max Mühlhäuser,Unkown
Max Völkel,Unkown
Maxim Mozgovoy,Unkown
Maxime Billot,Unkown
Mayank Juneja,Unkown
Mazeiar Salehie,Unkown
Małgorzata Rubin,Unkown
Mb Barr,Unkown
Mbm Bracke,Unkown
Mc Cachulo,Unkown
Mc Conidi,Unkown
Mc Hsiung,Unkown
Mc Johansson,Unkown
McCaffery,Unkown
Mcconnachie A.,Unkown
Mcgarrigle L.,Unkown
Md Burton,Unkown
Md Rijke,Unkown
Me Bayou,Unkown
Me Vandewalle,Unkown
Meerim Zhanakunova,Unkown
Meggan King,Unkown
Meghan Dowling,Unkown
Mehmed Özkan,Unkown
Mehmet Eren,Unkown
Mehmet Kosa,Unkown
Mehvish Rashid,Unkown
Meiqing Wu,Unkown
Meltem Izzetoglu,Unkown
Meltem Sertbaş,Unkown
Meng Wang,Unkown
Mengchu Zhou,Unkown
Menno Gulpers,Unkown
Menno Van Zaanen,Unkown
Meritxell Gonzalez,Unkown
Mert Ali Gozcu,Unkown
Merve Denizci Nazligul,Unkown
Messnarz,Unkown
Mf Conlon,Unkown
Mf Tuveri,Unkown
Mf Varela,Unkown
Mg Ascencio Lemus,Unkown
Mg Ascenzi,Unkown
Mg Delle Donne,Unkown
Mh Bokma-Bakker,Unkown
Mha Haan,Unkown
Michaeel Kazi,Unkown
Michael Backhouse,Unkown
Michael Brenner,Unkown
Michael D Williams,Unkown
Michael Davy,Unkown
Michael Dever,Unkown
Michael Domhardt,Unkown
Michael Dowling,Unkown
Michael Elvey,Unkown
Michael Fink,Unkown
Michael Heinrich,Unkown
Michael Howlett,Unkown
Michael Hurley,Unkown
Michael J Maher,Unkown
Michael Keane,Unkown
Michael O’Grady,Unkown
Michael P O’Mahony,Unkown
Michael Papadopoulos,Unkown
Michael Reiner,Unkown
Michael Riegler,Unkown
Michael Scriney,Assistant Professor
Michael Taylor,Unkown
Michael Tynes,Unkown
Michael Walsh,Unkown
Michael Whelan,Unkown
Michail Aleksandrovič Bakunin,Unkown
Michail Alexandros Kourtis,Unkown
Michal Novák,Unkown
Michal Pluska,Unkown
Michel Généreux,Unkown
Michela Bertolotto,Unkown
Michele Filannino,Unkown
Michele Trevisiol,Unkown
Michele Zorzi,Unkown
Michelle Barr,Unkown
Michelle Doran,Unkown
Miguel Angel Tinte,Unkown
Miguel Ballesteros,Unkown
Miguel Tinte,Unkown
Mihael Arcan,Unkown
Mihai Dogariu,Unkown
Mihai Gabriel Constantin,Unkown
Mihai Lupu,Unkown
Mike Chi,Unkown
Mike Dillinger,Unkown
Mike Myers,Unkown
Mike Rosner,Unkown
Mike Taylor,Unkown
Mikel Forcada,Unkown
Mikhail Kotelnikov,Unkown
Mikhail Sogrin,Unkown
Mikio Yamamoto,Unkown
Mikko Kurimo,Unkown
Mikko Sallinen,Unkown
Mikołaj Lauer,Unkown
Milan Redžić,Unkown
Milen Chechev,Unkown
Milo Jovanovic,Unkown
Miloš Stanojević,Unkown
Min Jing,Unkown
Mina Fazel,Unkown
Minas Spanopoulos-Karalexidis,Unkown
Mingxuan Wang,Unkown
Minh Dao-Tran,Unkown
Minh Son Dao,Unkown
Minh Triet Tran,Unkown
Minh-Son Dao,Unkown
Miquel Espla-Gomis,Unkown
Miriam Connor,Unkown
Miriam Kennedy,Unkown
Miriam Redi,Unkown
Mirjam Sepesy Maučec,Unkown
Mirko Lai,Unkown
Mirko Marras,Unkown
Mitja Jermol,Unkown
Mj Andersen,Unkown
Mj Beynon,Unkown
Mj Correia,Unkown
Mj Monaghan,Unkown
Mj White,Unkown
Mk Azrul,Unkown
Ml Barnett,Unkown
Mn Ali,Unkown
Mn Gupta,Unkown
Mohamad Ali,Unkown
Mohamed Belhout,Unkown
Mohamed Boucadair,Unkown
Mohamed Farouk,Unkown
Mohammad Aboomar,Unkown
Mohammad Hasanuzzaman,Unkown
Mohammad Nazir Ahmad,Unkown
Mohammad Reza Motallebi,Unkown
Mohammad Rezwanul Huq,Unkown
Mohammad Soleymani,Unkown
Mohammadali Nematbakhsh,Unkown
Mohammed Attia,Unkown
Mohammed Derhab,Unkown
Mohammed Khalil Alijel,Unkown
Mohammed Mediani,Unkown
Mohammed Saeed Jawad,Unkown
Mohan Timilsina,Unkown
Mohit Raghav,Unkown
Mohsen Amini,Unkown
Moira Smith,Unkown
Mojgan Seraji,Unkown
Monica Cherto,Unkown
Monica Mehrotra,Unkown
Monica Monachini,Unkown
Monica Ward,Lecturer
Monika Czugala,Unkown
Monika Solanki,Unkown
Monika Wielogorska,Unkown
Monique Tabak,Unkown
Montse Maritxalar,Unkown
Monz Christof,Unkown
Moohamad Hinbarji,Unkown
Morgan O’Brien,Unkown
Morrison Davidson,Unkown
Morten Heine Sørensen,Unkown
Morten Irgens,Unkown
Mostafa Bayomi,Unkown
Mounia Lalmas,Unkown
Mp Casado,Unkown
Mp Upsdell,Unkown
Mr Alison,Unkown
Mr Allen,Unkown
Mr Essop,Unkown
Ms Cardon,Unkown
Ms Siddiqi,Unkown
Mt Bayuga,Unkown
Muhammad Imran,Unkown
Muhammad Intizar Ali,Unkown
Muhammad S Aslam,Unkown
Muntsa Padró,Unkown
Murat And Tuzun,Unkown
Murat Saran,Unkown
Murat YILMAZ,Unkown
Murat Yilmaz,Assistant Professor
Murhaf Hossari,Unkown
Muriel Redmond,Unkown
Musfira Jilani,Assistant Professor
Mustafa Dinc,Unkown
Mustapha Fateh Yarou,Unkown
Mv Di Ruocco,Unkown
Mw Bennett,Unkown
Mw Gilman,Unkown
Mwidimi Ndosi,Unkown
Myriam Leggieri,Unkown
Myriam Munezero,Unkown
Mārcis Pinnis,Unkown
N Alvarez-Garcia,Unkown
N Amidei,Unkown
N Avieli,Unkown
N Bacon,Unkown
N Banazol,Unkown
N Bateman,Unkown
N Berger,Unkown
N Berjeb,Unkown
N Berkhout,Unkown
N Berland,Unkown
N Bryant,Unkown
N Castree,Unkown
N Chaturvedi,Unkown
N Colwell,Unkown
N Enzan,Unkown
N Giokaris,Unkown
N Gregory,Unkown
N Haslam,Unkown
N Huseynov,Unkown
N Ioakeimidis,Unkown
N Javadov,Unkown
N Karastathis,Unkown
N Kouris,Unkown
N Loughney,Unkown
N Mahon,Unkown
N Massol,Unkown
N McCaffrey,Unkown
N Moiduddin,Unkown
N Moyna,Unkown
N Murphy,Unkown
N Ozturk,Unkown
N Patrascu,Unkown
N Phillips,Unkown
N Rojo Prieto,Unkown
N Soni,Unkown
N Sutaria,Unkown
N Tsirintanis,Unkown
N Wessling,Unkown
N Zlatic,Unkown
N. Legeay,Unkown
N. Li,Unkown
Na Li,Unkown
Nachiappan Chockalingam,Unkown
Nadjib Ait Saadi,Unkown
Nahli Ouafae,Unkown
Nam Trinh,Unkown
Nancy Mayo,Unkown
Naomi Ono,Unkown
Narciso Garcia,Unkown
Naresh Yarlapati,Unkown
Nastaran Fatemi,Unkown
Natalia Pletneva,Unkown
Natalia Silveira,Unkown
Natália Resende,Unkown
Navid Bayat,Unkown
Nazlena Mohamad Ali,Unkown
Nazli Farajidavar,Unkown
Nc Alexander,Unkown
Nc Churchill,Unkown
Neelesh B Mehta,Unkown
Neha Srivatsa,Unkown
Neil D Jones,Unkown
Neil Donnelly,Unkown
Neil O’Hare,Unkown
Nelson Ng,Unkown
Nesil Mesurhan,Unkown
Nguyen Thanh Binh,Unkown
Nhien-An Le-Khac,Unkown
Nhu T Nguyen,Unkown
Nial Friel,Unkown
Niall Lyons,Unkown
Niall McMahon,Unkown
Niall Moran,Unkown
Niall Moyna,Unkown
Niall Walsh,Unkown
Niamh Caprani,Unkown
Niamh Morris,Unkown
Nicholas Daly,Unkown
Nicholas J Belkin,Unkown
Nicholas Matis,Unkown
Nicholas T Swafford,Unkown
Nick Campbell,Unkown
Nick Wilson,Unkown
Nicola Broadbent,Unkown
Nicola Ferro,Unkown
Nicolas Bourdillon,Unkown
Nicolas Diaz-Ferreyra,Unkown
Nicolas Farrugia,Unkown
Nicolas Legeay,Unkown
Nicole M Vega,Unkown
Nicole Novielli,Unkown
Nicoletta Calzolari,Unkown
Nicu Sebe,Unkown
Nihar Sudhanshu Limaye,Unkown
Nikita Shekutkovski,Unkown
Nikola Ljubesic,Unkown
Nikola Ljubešic,Unkown
Nikos Vasillopoulos,Unkown
Nilanjan Banerjee,Unkown
Niloofar Tavakolian,Unkown
Nima Bigdely-Shamlo,Unkown
Ninh Van-Tu,Unkown
Niraj Aswani,Unkown
Nirase Fathima Abubacker,Unkown
Nithish N Nath,Unkown
Nitika Mathur,Unkown
Nizar Habash,Unkown
Noel Carroll,Unkown
Noel McCaffrey,Unkown
Noel Murphy,Unkown
Noel O’Connor,Unkown
Noel O’Kelly,Unkown
Noemie Elhadad,Unkown
Nolan Lawson,Unkown
Norbert Fuchs,Unkown
Norbert Fuhr,Unkown
Noriko Kando,Unkown
Normunds Gruzitis,Unkown
Nour El Mawas,Unkown
Nt Swafford,Unkown
Nuno Lopes,Unkown
Nuno Preguiça,Unkown
Nursuriati Jamil,Unkown
Núria Bel,Unkown
Núria Bel Rafecas,Unkown
O Cakir,Unkown
O Mallett,Unkown
O Petrovic,Unkown
O Sarr,Unkown
O Savu,Unkown
O Simard,Unkown
O Solovyova,Unkown
Oa Barsky,Unkown
Obaid Abbasi,Unkown
Obioma Pelka,Unkown
Odhran Gavin,Unkown
Odhrán Gavin,Unkown
Oistein Andersen,Unkown
Oisın Mac Fhearai,Unkown
Oladimeji Farri,Unkown
Olga Caprotti,Unkown
Oliver Hart,Unkown
Olivier Hamon,Unkown
Olivier Van Laere,Unkown
Ollie Fagan,Unkown
Olukemi Audu,Unkown
Om Apostol,Unkown
Omar Alonso,Unkown
Omar Farooq,Unkown
Ondrej Bojar,Unkown
Ondřej Dušek,Unkown
Ophélie Lacroix,Unkown
Osama Tashani,Unkown
Oscar D Robles,Unkown
Oscar Wilde,Unkown
Osman Mucuk,Unkown
Ove Armbrust,Unkown
Ovidio Salvetti,Unkown
Ovidiu Ghita,Unkown
Owen Conlan,Unkown
Owen Corrigan,Unkown
Owen Friel,Unkown
Owen Phelan,Unkown
Ozgun Onat Metin,Unkown
Ozlem Cetinoglu,Unkown
O’Connor,Unkown
O’Donnell C.,Unkown
P Acharya,Unkown
P Ackers,Unkown
P Akhyari,Unkown
P Althoff,Unkown
P Armstrong,Unkown
P Arosio,Unkown
P Banys,Unkown
P Barbier,Unkown
P Bardhan,Unkown
P Bartell,Unkown
P Beaudet,Unkown
P Beerbaum,Unkown
P Besson,Unkown
P Bianco,Unkown
P Blaikie,Unkown
P Blouin,Unkown
P Burns,Unkown
P Candiah,Unkown
P Carroll,Unkown
P Cheng,Unkown
P Cusack,Unkown
P Czodrowski,Unkown
P Dekoninck,Unkown
P Devecchi,Unkown
P Duff,Unkown
P Dugay,Unkown
P Edwards,Unkown
P Geetha,Unkown
P Healy,Unkown
P Hoefer,Unkown
P Hoffman,Unkown
P Ioannou,Unkown
P Jackson,Unkown
P Jones,Unkown
P Klimeczek,Unkown
P Loch,Unkown
P Lucisano,Unkown
P Maccarthy,Unkown
P Maceneaney,Unkown
P Mahia,Unkown
P Marino,Unkown
P McGown,Unkown
P Nihoyannopoulos,Unkown
P Nilsson,Unkown
P Paudyal,Unkown
P Perny,Unkown
P Piasek,Unkown
P Pichler,Unkown
P Platon,Unkown
P Podolec,Unkown
P Punitha,Unkown
P Quartey,Unkown
P Rio,Unkown
P Robbins,Unkown
P Scislo,Unkown
P Smithson,Unkown
P Spontoni,Unkown
P Szymanski,Unkown
P Thunberg,Unkown
P Van Gemmeren,Unkown
P Vardas,Unkown
P Westhead,Unkown
Pa Baran,Unkown
Pa Haslam,Unkown
Pa Pabari,Unkown
Pa Robinson,Unkown
Pablo Diaz,Unkown
Pablo Redondo,Unkown
Pablo Toharia,Unkown
Paddy Nixon,Unkown
Padraig Corcoran,Unkown
Padraig Cunningham,Unkown
Padraig Curran,Unkown
Padraig Murphy,Unkown
Padraig O’Leary,Unkown
Pages A Pacheco,Unkown
Panayota Georgakopoulou,Unkown
Paolo Bellavista,Unkown
Paolo Cappellari,Unkown
Paolo Dragone,Unkown
Paolo Rosso,Unkown
Paraic Sheridan,Unkown
Parra G Gonzalez,Unkown
Parvathy Pillai,Unkown
Pascal Faurie,Unkown
Pascal Kelm,Unkown
Pascal Van Eck,Unkown
Pascale Sébillot,Unkown
Pasquale Lops,Unkown
Pat G Daly,Unkown
Pat Nagle,Unkown
Patrice Lopez,Unkown
Patricia Arias-Cabarcos,Unkown
Patricia Byrne,Unkown
Patricia Fonseca,Unkown
Patricia Takako Endo,Unkown
Patrick Brereton,Unkown
Patrick Esser,Unkown
Patrick Floris,Unkown
Patrick Gatellier,Unkown
Patrick J Walsh,Unkown
Patrick McDonagh,Unkown
Patrick Pantel,Unkown
Patrick Ruch,Unkown
Patrick Saint-Dizier,Unkown
Patrick Slevin,Unkown
Patrik Lambert,Unkown
Paul Atkinson,Unkown
Paul Brie,Unkown
Paul Buitelaar,Unkown
Paul Bunbury,Unkown
Paul Clough,Unkown
Paul Dockree,Unkown
Paul Duffy,Unkown
Paul Emery,Unkown
Paul Ferguson,Unkown
Paul French,Unkown
Paul Hagan,Unkown
Paul J Kearney,Unkown
Paul Kelly,Unkown
Paul Kwan,Unkown
Paul L O’Connor,Unkown
Paul Lafargue,Unkown
Paul Lukowicz,Unkown
Paul M. Clarke,Assistant Professor
Paul Mara,Unkown
Paul Murrell,Unkown
Paul Over,Unkown
Paul Ryan,Unkown
Paul Sajda,Unkown
Paul Thomas,Unkown
Paul Whelan,Unkown
Paul-Peter Tak,Unkown
Paula A Fitzpatrick,Unkown
Paulina Piasek,Unkown
Paulo Almeida,Unkown
Paulo Vale,Unkown
Pavel Korshunov,Unkown
Pavel Pecina,Unkown
Pavel Serdyukov,Unkown
Payam Barnaghi,Unkown
Paz Gomez,Unkown
Pb Beaumont,Unkown
Pb Evans,Unkown
Pb Thompson,Unkown
Peadar Grant,Unkown
Pedro Debevere,Unkown
Pedro Neiva,Unkown
Pedro Sanchez,Unkown
Peng Wang,Unkown
Peng Xu,Unkown
Percy Dearmer,Unkown
Periklis Chatzimisios,Unkown
Peter Alexeyevich Kropotkin,Unkown
Peter Bruza,Unkown
Peter Cahill,Unkown
Peter Deeney,Unkown
Peter Elger,Unkown
Peter Hudis,Unkown
Peter Maddison,Unkown
Peter Mooney,Unkown
Peter Novitzky,Unkown
Peter Peregrine,Unkown
Peter Pietzuch,Unkown
Peter Robinson,Unkown
Peter Ross,Unkown
Peter Schilling,Unkown
Peter Scott,Unkown
Peter T Schmidt,Unkown
Peter Taylor,Unkown
Peter Tiernan,Unkown
Peter Turchin,Unkown
Peter Wilkins,Unkown
Petia Radeva,Unkown
Petra Bago,Unkown
Petra Galuscakova,Unkown
Petra Perner,Unkown
Petra Steffens,Unkown
Petya Osenova,Unkown
Peyman Passban,Unkown
Pg Dinis,Unkown
Ph Elzer,Unkown
Phat Thai,Unkown
Phelim Kelly,Unkown
Philip Angove,Unkown
Philip Branch,Unkown
Philip Kelly,Unkown
Philip Scanlon,Unkown
Philipp Koehn,Unkown
Philipp Mayr,Unkown
Philipp Obermeier,Unkown
Philipp Slusallek,Unkown
Phong Huynh,Unkown
Pierangelo Rosati,Unkown
Pierce Hickey,Unkown
Pierluigi Cassotti,Unkown
Piero Molino,Unkown
Pierpaolo Basile,Unkown
Pierre Besson,Unkown
Pierre Lison,Unkown
Pierre Ludwick,Unkown
Pierre-Joseph Proudhon,Unkown
Pieter De Leenheer,Unkown
Pieter Francois,Unkown
Pilar Sánchez-Gijón,Unkown
Pinar Orgun,Unkown
Pintu Lohar,Unkown
Piscille Schneller,Unkown
Piyush Arora,Unkown
Pj Atkins,Unkown
Pk Edwards,Unkown
Plamen Petkov,Unkown
Pm Azcarate,Unkown
Pn Marino,Unkown
Pooyan Jamshidi,Unkown
Power K.,Unkown
Pr Agénor,Unkown
Prabhaker Mateti,Unkown
Pradeep Dantuluri,Unkown
Pradeep Varma,Unkown
Praphul Chandra,Unkown
Prasad Calyam,Unkown
Pratyush Banerjee,Unkown
Preslav Nakov,Unkown
Priya Paudyal,Unkown
Procheta Sen,Unkown
Prokopis Prokopidis,Unkown
Ps Adler,Unkown
Ps Afonso,Unkown
Ps Deepthi,Unkown
Ps Lopes,Unkown
Pt Bauer,Unkown
Pushpak Bhattacharyya,Unkown
Puspita Deo,Unkown
Pär Lannerö,Unkown
Pål Halvorsen,Unkown
Pınar Örgün,Unkown
Q Almodares,Unkown
Qaiser Mehmood,Unkown
Qi Liu,Unkown
Qi She,Unkown
Qi Tian,Unkown
Qiang Yang,Unkown
Qianling Zhou,Unkown
Qiaoyong Zhong,Unkown
Qihan Yang,Unkown
Qingshan Liu,Unkown
Qingsong Ma,Unkown
Qingtian Zeng,Unkown
Qingzhi Liu,Unkown
Quoc-Cuong Tran,Unkown
Quy H Nguyen,Unkown
R Agranoff,Unkown
R Akhurst,Unkown
R Alavi,Unkown
R Aldridge,Unkown
R Aly,Unkown
R Anadon,Unkown
R Anthony,Unkown
R Bailey,Unkown
R Bajraj,Unkown
R Barrett,Unkown
R Barrett-Jolley,Unkown
R Baruah,Unkown
R Benavente,Unkown
R Bendix,Unkown
R Bigsby,Unkown
R Blackburn,Unkown
R Botreau,Unkown
R Charan,Unkown
R Ciftci,Unkown
R Cimaz,Unkown
R Cocchieri,Unkown
R Curtin,Unkown
R Dragoi Galrinho,Unkown
R Dworakowski,Unkown
R Esposito,Unkown
R Ferreira,Unkown
R Galaska,Unkown
R Ghosh,Unkown
R Goncalves,Unkown
R Jurcut,Unkown
R Lafaye,Unkown
R Lasica,Unkown
R Laymouna,Unkown
R Leone,Unkown
R Maddison,Unkown
R Mc Cormack,Unkown
R Meel,Unkown
R Murphy,Unkown
R Nayyar,Unkown
R Ordelman,Unkown
R O’Hanlon,Unkown
R Pesapane,Unkown
R Piatkowski,Unkown
R Pietura,Unkown
R Pini,Unkown
R Pravahan,Unkown
R Raia,Unkown
R Razavi,Unkown
R Rodrigues,Unkown
R Ruimy,Unkown
R Sanz-Valle,Unkown
R Sennrich,Unkown
R Sutcliffe,Unkown
R Takacs,Unkown
R Teixeira,Unkown
R Toole,Unkown
R Wapshott,Unkown
R Winter,Unkown
R Yoshida,Unkown
R Zitoun,Unkown
R.,Unkown
R. Messnarz,Unkown
Ra Baron,Unkown
Ra Buchholz,Unkown
Ra Caras,Unkown
Rab Prinjha,Unkown
Rabiah Abdul Kadir,Unkown
Rabib Islam,Unkown
Rachael Joyce,Unkown
Rachele Sprugnoli,Unkown
Rada Mihalcea,Unkown
Radovan Garabík,Unkown
Radu Ion,Unkown
Radu Simionescu,Unkown
Rafael E Banchs,Unkown
Raffaele Guarasci,Unkown
Raffaele Perego,Unkown
Raghuraman Mudumbai,Unkown
Rajan Gupta,Unkown
Rajan Verma,Unkown
Rajen Chatterjee,Unkown
Rajendra Parsad Gunputh,Unkown
Ralf Steinmetz,Unkown
Ralf Tonjes,Unkown
Ramesh Jain,Unkown
Rami Abatal,Unkown
Rami Albatal,Unkown
Ramin Tadayon,Unkown
Ramisa Gachpaz Hamed,Unkown
Ramlan Mahmod,Unkown
Ramneesh Vaidyambath,Unkown
Ramon Sanabria,Unkown
Ramona Enache,Unkown
Ramya Hebbalaguppe,Unkown
Ran Cui,Unkown
Raphael Rubino,Unkown
Raphaël Troncy,Unkown
Rashmi Gupta,Unkown
Rasoul Kaljahi,Unkown
Rasoul Samad Zadeh Kaljahi,Unkown
Rasul Kaljahi,Unkown
Rasul Samad Zadeh Kaljahi,Unkown
Raul Berari,Unkown
Ravi Kuber,Unkown
Rawan Alamro,Unkown
Ray Walshe,Assistant Professor
Raúl Santos De La Cámara,Unkown
Rb Araujo,Unkown
Rba Brink Van Den,Unkown
Rc Rimbas,Unkown
Re Blair,Unkown
Re Goodin,Unkown
Re Martin,Unkown
Re Ramboyong,Unkown
Reaz Ahmed,Unkown
Rebecca Ferguson,Unkown
Reem Bin-Hezam,Unkown
Reggie Davidrajuh,Unkown
Regina Hebig,Unkown
Reiner,Unkown
Reinhard Schaler,Unkown
Rejwanul Haque,Unkown
Relja Arandjelovic,Unkown
Remi Badonnel,Unkown
Remi Trichet,Unkown
Remya Rk Menon,Unkown
Renaat Verbruggen,Lecturer
Renaud Péteri,Unkown
René Donner,Unkown
Reut Tsarfaty,Unkown
Rg Roberts,Unkown
Rh Adams Jr,Unkown
Rianne Kaptein,Unkown
Ricardo Campos,Unkown
Ricardo Colomo Palacios,Unkown
Ricardo Gonçalves,Unkown
Riccardo Del Gratta,Unkown
Riccardo Superbo,Unkown
Richang Hong,Unkown
Richard H Middleton,Unkown
Richard Jaine,Unkown
Richard McCann,Unkown
Richard Messnarz,Unkown
Richard Murphy,Unkown
Richard O’Kennedy,Unkown
Richard Roche,Unkown
Richard Socher,Unkown
Richard Tynan,Unkown
Richard Wakefield,Unkown
Richard Warp,Unkown
Richárd Farkas,Unkown
Rick Goh Shiow Mong,Unkown
Rico Sennrich,Unkown
Rigo Wenning,Unkown
Rik Van De Walle,Unkown
Risto Nevalainen,Unkown
Riyad Alshammari,Unkown
Riyaz Ahmad Bhat,Unkown
Rizhin Nuree Othman,Unkown
Rj Barnet,Unkown
Rj Bennett,Unkown
Rj Boland Jr,Unkown
Rm Blackburn,Unkown
Rm Salomon,Unkown
Rn Anthony,Unkown
Rob Brennan,Assistant Professor
Rob Smeets,Unkown
Robert Blatchford,Unkown
Robert Burger,Unkown
Robert Burke,Unkown
Robert Byrne,Unkown
Robert J Prill,Unkown
Robert Küffner,Unkown
Robert McCarthy,Unkown
Robert P.,Unkown
Robert Villa,Unkown
Roberta Luisi,Unkown
Roberto Bartolini,Unkown
Roberto Basili,Unkown
Roberto Bisiani,Unkown
Roberto De Virgilio,Unkown
Roberto Gimenez,Unkown
Robin Aly,Unkown
Robin Harte,Unkown
Rodolfo Delmonte,Unkown
Rodolfo Enrique Alvizu Gomez,Unkown
Rodrigo Barreto,Unkown
Rodrigo V Asem,Unkown
Roel J Wieringa,Unkown
Roeland Ordelman,Unkown
Roghaiyeh Gachpaz Hamed,Unkown
Roland Kuhn,Unkown
Rolf Schwitter,Unkown
Ron O’Brien,Unkown
Ronan Collins,Unkown
Ronan Kavanagh,Unkown
Ronan Scaife,Unkown
Rory O’Connor,Unkown
Rosa Gudjonsdottir,Unkown
Rosa Hm Chan,Unkown
Rosa Luxemburg,Unkown
Rose Strunsky,Unkown
Ross McDermott,Unkown
Rozas A Juste,Unkown
Rp Harte,Unkown
Rp Jagadeesh Chandra Bose,Unkown
Rp Tiongco,Unkown
Rt Murphy,Unkown
Ru Ayres,Unkown
Ruairí De Fréin,Unkown
Ruben Branco,Unkown
Rudi Villing,Unkown
Rudolf Rosa,Unkown
Rudrajit Mitra,Unkown
Ruggero Petrolito,Unkown
Rui Neto,Unkown
Rui Zhou,Unkown
Rusli Abdullah,Unkown
Russell Ford,Unkown
Ruth Dobson,Unkown
Ruth Grosart,Unkown
Rv Aguilera,Unkown
Rw Dyson,Unkown
Rw Moore,Unkown
Rw Scapens,Unkown
Rw Stanek,Unkown
Ryan McDonald,Unkown
Ryan Roth,Unkown
Ryan Treanor,Unkown
Ryen W White,Unkown
Rémi Bois,Unkown
Rüdiger Kapitza,Unkown
S Adams,Unkown
S Adhya,Unkown
S Agere,Unkown
S Alcouffe,Unkown
S Aleksandric,Unkown
S Alway,Unkown
S Angelidakis,Unkown
S Anton,Unkown
S Arnstein,Unkown
S Assinder,Unkown
S Avery,Unkown
S Baiman,Unkown
S Baines,Unkown
S Balloch,Unkown
S Batterbury,Unkown
S Beer,Unkown
S Bell,Unkown
S Birley,Unkown
S Bjerklie,Unkown
S Blaess,Unkown
S Blasi,Unkown
S Breslin,Unkown
S Bucyte,Unkown
S Carerj,Unkown
S Carter,Unkown
S Cartledge,Unkown
S Castano,Unkown
S Chekanov,Unkown
S Chouridou,Unkown
S Clegg,Unkown
S Cuddy,Unkown
S Curtis,Unkown
S Darmora,Unkown
S De Winne,Unkown
S Dhanya,Unkown
S Duperret,Unkown
S Eberl,Unkown
S Elles,Unkown
S Fernando,Unkown
S Fracchia,Unkown
S Fujiwara,Unkown
S Ganea,Unkown
S Giusca,Unkown
S Grinstein,Unkown
S Guindon,Unkown
S Hutchinson,Unkown
S Iliceto,Unkown
S Johnson,Unkown
S Jorstig,Unkown
S Jézéquel,Unkown
S Katsuragi,Unkown
S Kuday,Unkown
S Lavau,Unkown
S Lee,Unkown
S Leontsinis,Unkown
S Loughman,Unkown
S Maltezos,Unkown
S Maragkoudakis,Unkown
S Maxwell,Unkown
S Mihaila,Unkown
S Montemagni,Unkown
S Moral,Unkown
S Mubarak,Unkown
S Nadin,Unkown
S Naskar,Unkown
S Nel,Unkown
S Norris,Unkown
S O’Reilly,Unkown
S O’Reily,Unkown
S Phillips,Unkown
S Raval,Unkown
S Robalo Martins,Unkown
S Rosa,Unkown
S Salanterä,Unkown
S Sen-Gupta,Unkown
S Smith,Unkown
S Squarciotta,Unkown
S Stankovic,Unkown
S Strassel,Unkown
S Sultansoy,Unkown
S Tagg,Unkown
S Taylor,Unkown
S Tengbald,Unkown
S Uddin,Unkown
S Uribe,Unkown
S Verba,Unkown
S Vicidomini,Unkown
S Vieira,Unkown
S Vlachos,Unkown
Sa Al-Tuwaijri,Unkown
Sabine Moebs,Unkown
Sabri Demircan,Unkown
Sabrina Kirrane,Unkown
Sabrina Stehwien,Unkown
Sabyasachi Kamila,Unkown
Sadid A Hasan,Unkown
Sahil Nakul Mathur,Unkown
Sahin Albayrak,Unkown
Saibal K Pal,Unkown
Saide Aytekin,Unkown
Sam Bowman,Unkown
Sameer Pradhan,Unkown
Sameerchand Pudaruth,Unkown
Sami Bhiri,Unkown
Sami Dalhoumi,Unkown
Sami Serola,Unkown
Sami Virpioja,Unkown
Sampo Pyysalo,Unkown
Sander Tars,Unkown
Sandipan Dandapat,Unkown
Sandra Green,Unkown
Sandra Kuebler,Unkown
Sandra Rothwell,Unkown
Sandra Sanchez‐Gordon,Unkown
Sanjoy Kumar Saha,Unkown
Sanna Kumpulainen,Unkown
Sanna Salanterä,Unkown
Santanu Bhattacharjee,Unkown
Santanu Pal,Unkown
Santiago Cortes,Unkown
Saptarshi Ghosh,Unkown
Sara Alshaya,Unkown
Sara Castagnoli,Unkown
Sara Colantonio,Unkown
Sara Colatino,Unkown
Sara Goggi,Unkown
Sara Leddy,Unkown
Sara Morrissey,Unkown
Sara Stymne,Unkown
Sara Tonelli,Unkown
Sarah Cruchet,Unkown
Sarah Ebling,Unkown
Sarah Hughes,Unkown
Sarah Ingle,Unkown
Sarah Jane Cullen,Unkown
Sarah M Kelly,Unkown
Sarah Murray,Unkown
Sarah Ryan,Unkown
Sarahjane Belton,Unkown
Sarunas Girdzijauskas,Unkown
Sascha Kriewel,Unkown
Sasha Schriber,Unkown
Sasitharan Balasubramaniam,Unkown
Sathursan Kanagarajah,Unkown
Sauparna Palchowdhury,Unkown
Saverio Blasi,Unkown
Sayantan Mitra,Unkown
Sc Govind,Unkown
Schiepers O.,Unkown
Schmitz,Unkown
Scott McGill,Unkown
Seamus Lawless,Unkown
Seamus McLoone,Unkown
Sean Commins,Unkown
Sean Cunningham,Unkown
Sean F McLoone,Unkown
Sean J O’Neill,Unkown
Sean Marlow,Unkown
Sean McGrath,Unkown
Sean O’Leary,Unkown
Sean Policarpio,Unkown
Sean Quinn,Unkown
Sebastian Dungs,Unkown
Sebastian Hellmann,Unkown
Sebastian Köhler,Unkown
Sebastian Padó,Unkown
Sebastian Schmiedeke,Unkown
Sebastian Schuster,Unkown
Sebastian Tschopel,Unkown
Sebastian Wagner,Unkown
Sebastian Xambó,Unkown
Sedanur Dogan,Unkown
Sef Guimaraes,Unkown
Sefki Kolozali,Unkown
Seif Haridi,Unkown
Selen Yurdakul,Unkown
Senthilkumaran Ulaganathan,Unkown
Seppo Nyrkkö,Unkown
Septimiu Nechifor,Unkown
Serap Demir,Unkown
Serdar Tasel,Unkown
Serdar Taşel,Unkown
Serena Pelosi,Unkown
Serena Villata,Unkown
Serge Kozlovski,Unkown
Serge Sharoff,Unkown
Sergej Svorobej,Unkown
Sergey Gubanov,Unkown
Sergi Porta,Unkown
Sergio Fernández,Unkown
Sergio Ortiz Rojas,Unkown
Sergio Penkale,Unkown
Sergio Velastin,Unkown
Serhan Olgun,Unkown
Serkan Saydam,Unkown
Serwah Sabetghadam,Unkown
Sethuraman Panchanathan,Unkown
Seung-Bum Lee,Unkown
Seyed Tayebati,Unkown
Seán Gaines,Unkown
Seán McLoone,Unkown
Sf Badylak,Unkown
Shadi Saleh,Unkown
Shahrul Azman Mohd Noah,Unkown
Shahrzad Hadavi,Unkown
Shane J McLoughlin,Unkown
Shane Malone,Unkown
Shane McQuillan,Unkown
Sharon O’Brien,Unkown
Shawn Joshi,Unkown
Shayok Chakraborty,Unkown
Sheelagh Wickham,Unkown
Sheila Castilho,Unkown
Shen Gao,Unkown
Shenan Hoppe-Ludwig,Unkown
Sherman Eagles,Unkown
Shervin Malmasi,Unkown
Shih-Fu Chang,Unkown
Shiliang Pu,Unkown
Shin-Han Shiu,Unkown
Shingo Ata,Unkown
Shinyoung Lim,Unkown
Shin’Ichi Satoh,Unkown
Shipeng Li,Unkown
Shiqang Yang,Unkown
Shiqi Zhao,Unkown
Shiqiang Yang,Unkown
Shireen Panchoo,Unkown
Shirley Coyle,Unkown
Shlomo Geva,Unkown
Shoji Nishimura,Unkown
Shouxun Lin,Unkown
Shu Chen,Unkown
Shugen Wang,Unkown
Shuhei Yamamoto,Unkown
Shuicheng Yan,Unkown
Shuming Shi,Unkown
Shunsuke Mori,Unkown
Shuoyang Ding,Unkown
Shushma Patel,Unkown
Shyamala Doraisamy,Unkown
Siamak Barzegar,Unkown
Siegfried Handschuh,Unkown
Siew-Kei Lam,Unkown
Sigrun L Eskeland,Unkown
Silvana Togneri Mac Mahon,Assistant Professor
Silvano Ramos De Assis Neto,Unkown
Silvia Rodriguez Vazquez,Unkown
Simon Foley,Unkown
Simon Ginzinger,Unkown
Simon Krek,Unkown
Simon Mille,Unkown
Simon O’Keeffe,Unkown
Simon Petitrenaud,Unkown
Simon Quigley,Unkown
Simon Scerri,Unkown
Simon Steyskal,Unkown
Simona Jeners,Unkown
Simone Marchi,Unkown
Simone Saletti,Unkown
Simone Santini,Unkown
Simonetta Montemagni,Unkown
Sinead J Barton,Unkown
Sinead Smyth,Unkown
Sinna Lindquist,Unkown
Siobhan Clarke,Unkown
Siobhan Corrigan,Unkown
Sivaji Bandyopadhyay,Unkown
Siyou Liu,Unkown
Siyuan Liu,Unkown
Siân Lindley,Unkown
Sj Ball,Unkown
Sl Ansari,Unkown
Slav Petrov,Unkown
Sm Arnopoulos,Unkown
Sm Haider Jafri,Unkown
Sm McLachlan,Unkown
Smail Kelaiaia,Unkown
Snezana Scepanovic,Unkown
Soheila Dehghanzadeh,Unkown
Sohyeon Jeong,Unkown
Somesh Kumar,Unkown
Son Huynh,Unkown
Son P Nguyen,Unkown
Song-Yang Lao,Unkown
Sonja Trapp,Unkown
Soon Ae Chun,Unkown
Soonyong Song,Unkown
Sophie Arnoult,Unkown
Sorcha Maguire,Unkown
Sorin Sav,Unkown
Sorin Vasile Sav,Unkown
Sorin Zav,Unkown
Soufiene Djahel,Unkown
Soura Dasgupta,Unkown
Spence Green,Unkown
Spyros Kotoulas,Unkown
Sr An Zagorac,Unkown
Sr Bush,Unkown
Srdan Zagorac,Unkown
Sriparna Saha,Unkown
Srivastava Ankit,Unkown
St Sahin,Unkown
Stanley Sutton,Unkown
Stefan Arvidsson,Unkown
Stefan Bischof,Unkown
Stefan Brenner,Unkown
Stefan Decker,Unkown
Stefan Hoefler,Unkown
Stefan Kennedy,Unkown
Stefan Löfven,Unkown
Stefan Richter,Unkown
Stefan Ruger,Unkown
Stefan Siebert,Unkown
Stefan Terziyski,Unkown
Stefania Marrara,Unkown
Stefanie Hegele,Unkown
Stefano Faralli,Unkown
Stefano Germano,Unkown
Stefano Pinardi,Unkown
Stefanos Vrochidis,Unkown
Steffen Thiel,Unkown
Steinþór Steingrímsson,Unkown
Stelios Piperidis,Unkown
Stella Frank,Unkown
Stephan Huber,Unkown
Stephane Perrey,Unkown
Stephanie Grohmann,Unkown
Stephanie Jones,Unkown
Stephanie Maimari,Unkown
Stephen Beirne,Unkown
Stephen Curran,Unkown
Stephen Doherty,Unkown
Stephen Gulliver,Unkown
Stephen Hogan,Unkown
Stephen Wade,Unkown
Stevan Rudinac,Unkown
Steve E Hodges,Unkown
Steve Kemp,Unkown
Steven Bedrick,Unkown
Steven Bourke,Unkown
Steven Schockaert,Unkown
Steven Simske,Unkown
Stig-Arne Grönroos,Unkown
Stéphane Clinchant,Unkown
Stéphane Ferrari,Unkown
Suad Almutairi,Unkown
Sudip K Naskar,Unkown
Sudip Naskar,Unkown
Sukanta Sen,Unkown
Sukomal Pal,Unkown
Sumire Uematsu,Unkown
Sumit Bhatia,Unkown
Sumithra Velupillai,Unkown
Sunil K Muttoo,Unkown
Susan Browne,Unkown
Susan Deems-Dluhy,Unkown
Susan Rea,Unkown
Susanne Boll,Unkown
Suwen Gu,Unkown
Suzan Verberne,Unkown
Suzana Shahar,Unkown
Suzanne And Clawson,Unkown
Suzanne Johannes,Unkown
Suzanne Little,Associate Professor
Suzanne McCarthy,Unkown
Sven Van Der Meer,Unkown
Svetla Koeva,Unkown
Sw Anderson,Unkown
Swathikiran Srungavarapu,Unkown
Syed Mahdi,Unkown
Syed Zeeshan Haider Gillani,Unkown
Sylwia Ozdowska,Unkown
Séamus McLoone,Unkown
Sérgio Nunes,Unkown
Sílvio Ma Gama,Unkown
Sönke Bartling,Unkown
T Abd Al-Rahman,Unkown
T Aized,Unkown
T Alexopoulos,Unkown
T Andersson,Unkown
T Artiach,Unkown
T Baba,Unkown
T Behrends,Unkown
T Binder,Unkown
T Bjørnenak,Unkown
T Buck,Unkown
T Capps,Unkown
T Chumarnaya,Unkown
T Dundon,Unkown
T Erdei,Unkown
T Farooque,Unkown
T Forster,Unkown
T Gonzalez-Alujas,Unkown
T Hopper,Unkown
T Hryn’Ova,Unkown
T Ishii,Unkown
T Lanumata,Unkown
T Laprarie,Unkown
T Lecompte,Unkown
T Manesh,Unkown
T Matsumoto,Unkown
T Mieghem,Unkown
T Morgillo,Unkown
T Murphy,Unkown
T Naesje,Unkown
T Onishi,Unkown
T O’Moore-Sullivan,Unkown
T Reeves,Unkown
T Skocpol,Unkown
T Steckler,Unkown
T Theodoropoulos,Unkown
T Tillin,Unkown
T Todorov,Unkown
T Tsutsumi,Unkown
T Uchida,Unkown
T Ueda,Unkown
T Uejima,Unkown
T Varkonyi,Unkown
T Wittmann,Unkown
T-J Browne,Unkown
T.,Unkown
T. Nevalainen,Unkown
Ta Chowdhury,Unkown
Tada Terutoshi,Unkown
Tadhg Nagle,Unkown
Tae Hwan Oh,Unkown
Taeung Jung,Unkown
Taja Yaying,Unkown
Takaaki Tanaka,Unkown
Takashi Inui,Unkown
Takashi Noiri,Unkown
Takehiro Yamamoto,Unkown
Tamar Pincus,Unkown
Tamás Váradi,Unkown
Tane Vergili,Unkown
Tanir Ozcelebi,Unkown
Tanmoy Chakraborty,Unkown
Tanyoung Kim,Unkown
Tao Li,Unkown
Tao Mei,Unkown
Tariq Abdullah,Unkown
Tasos Kourtis,Unkown
Tat-Seng Chua,Unkown
Tatjana Gornostaja,Unkown
Tc Yap,Unkown
Td Papadopoulou,Unkown
Te Christensen,Unkown
Te Hulme,Unkown
Tengku Mohd Sembok,Unkown
Tengqi Ye,Unkown
Tenzin Jinpa,Unkown
Terence V Powderly,Unkown
Teresa Connolly,Unkown
Teresa Lynn,Unkown
Terry Eagleton,Unkown
Terry Rout,Unkown
Tetsuya Sakai,Unkown
Tewfik Khedim,Unkown
Tg August,Unkown
Th Marwick,Unkown
Thanh-An Nguyen,Unkown
Thanh-Le Ha,Unkown
Thea Van Der Geest,Unkown
Theo Lynn,Unkown
Theodor Hertzka,Unkown
Theodor W Adorno,Unkown
Theodora Tsikrika,Unkown
Theofrastos Mantadelis,Unkown
Thien Ha-Minh,Unkown
Thierry Etchegoyhen,Unkown
Thijs Verschoor,Unkown
Thinhinane Yebda,Unkown
Thomas A Walsh,Unkown
Thomas Adamek,Unkown
Thomas Beckers,Unkown
Thomas Bocek,Unkown
Thomas Brophy,Unkown
Thomas Conlon,Unkown
Thomas Currie,Unkown
Thomas De Lange,Unkown
Thomas Deselaers,Unkown
Thomas Eiter,Unkown
Thomas Gaillat,Unkown
Thomas Hallgren,Unkown
Thomas Kelly,Unkown
Thomas Lavergne,Unkown
Thomas Mandl,Unkown
Thomas Phelan,Unkown
Thomas Roelleke,Unkown
Thomas Sikora,Unkown
Thomas Stütz,Unkown
Thomas Sødring,Unkown
Thomas Tölle,Unkown
Thorben Iggena,Unkown
Thu-Le Pham,Unkown
Thuy T Pham,Unkown
Tiago Cunha,Unkown
Tianbo Ji,Unkown
Tianchun Wang,Unkown
Tianhua Zhu,Unkown
Tilman Dingler,Unkown
Tim Anderson,Unkown
Tim Chambers,Unkown
Tim Jacquemard,Unkown
Tim Mullen,Unkown
Timo Varkoi,Unkown
Timothy Baldwin,Unkown
Timothy Bilton,Unkown
Timothy Dozat,Unkown
Timothy K Shih,Unkown
Timothy Sullivan,Unkown
Tin Lun Lam,Unkown
Ting Wang,Unkown
Tj Braggins,Unkown
Tj Browne,Unkown
Tj Lack,Unkown
Tj Pinch,Unkown
Tjalve Aarflot,Unkown
Tk Le,Unkown
Tko Doan,Unkown
Tkr Singh,Unkown
Tl Wang,Unkown
Tobias Daudert,Unkown
Tobias Horsmann,Unkown
Tobias Kuhn,Unkown
Tobias Wunner,Unkown
Toby Maher,Unkown
Todd Cooper,Unkown
Tohru Niwa,Unkown
Tom De Nies,Unkown
Tom Glennon,Unkown
Tom Pfeifer,Unkown
Tom Skehin,Unkown
Tomas Kupka,Unkown
Tomas Ward,Professor
Tomasz Dwojak,Unkown
Tomaž Erjavec,Unkown
Tommaso Caselli,Unkown
Tommi Pirinen,Unkown
Tomoyosi Akiba,Unkown
Tomás Harrington,Unkown
Tomás Meehan,Unkown
Tong Zhang,Unkown
Tony Benn,Unkown
Tony Hirst,Unkown
Tony O’Dowd,Unkown
Tore Endestad,Unkown
Torsten Schaub,Unkown
Torsten Zesch,Unkown
Toufik Ahmed,Unkown
Touradj Ebrahimi,Unkown
Tourdaj Ebrahimi,Unkown
Tp Hughes,Unkown
Tracey Mehigan,Unkown
Tracey Young,Unkown
Trh Regnault,Unkown
Trong-Le Do,Unkown
Troy McDaniel,Unkown
Tsan-Kuang Lee,Unkown
Tsuyoshi Okita,Unkown
Tunçar Şahan,Unkown
Tuomo Kakkonen,Unkown
Tushar Pishe,Unkown
Tuğba Kemaloglu Oz,Unkown
Türker Özsarı,Unkown
U Arumae,Unkown
U Blank,Unkown
U Cucchini,Unkown
U Nilsson,Unkown
Udo Kruschwitz,Unkown
Ufuk Aydan,Unkown
Ugur Halici,Unkown
Ugur Sopaoglu,Unkown
Uk Bob Jarman,Unkown
Uk Chester,Unkown
Uk Delph,Unkown
Uk Gateshead,Unkown
Ulas Gulec,Unkown
Ulaş Güleç,Unkown
Ulrich B Philips,Unkown
Ulrike Fötschl,Unkown
Ulukbek Saktanov,Unkown
Utsab Barman,Unkown
Uttam Kumar Nandi,Unkown
Uyen H Pham,Unkown
Uğur Sopaoğlu,Unkown
V Andrieu,Unkown
V Bautista,Unkown
V Butler,Unkown
V Di Bello,Unkown
V Giangiobbe,Unkown
V Giglio,Unkown
V Govindarajan,Unkown
V Huynh Huu,Unkown
V Jain,Unkown
V Kaushik,Unkown
V Maher,Unkown
V Mizariene,Unkown
V Pineda,Unkown
V Piriou,Unkown
V Radhamani Pillay,Unkown
V Schiano Lomoriello,Unkown
V Sullivan,Unkown
V Tsiatsis,Unkown
V Vandeghinste,Unkown
Vaibhav Bajpai,Unkown
Vaiva Kalnikaite,Unkown
Valeria Manera,Unkown
Valeria Quochi,Unkown
Valerio Basile,Unkown
Valerio Schiavoni,Unkown
Valia Kordoni,Unkown
Valters Šics,Unkown
Valverde Perez Iv,Unkown
Van Boxtel M.,Unkown
Van-Tu Ninh,Unkown
Vanessa Liston,Unkown
Vanessa Murdock,Unkown
Vaque F Vives,Unkown
Varvara Logacheva,Unkown
Vasileios Mezaris,Unkown
Vassil Momtchev,Unkown
Vassili Kovalev,Unkown
Vassilina Nikoulina,Unkown
Vassilis Papavassiliou,Unkown
Vasudeva Varma,Unkown
Veli Bicer,Unkown
Venkatesh Gurum Munirathnam,Unkown
Venkatesh Kannan,Unkown
Vera Aleksic,Unkown
Verena Lyding,Unkown
Verginica Mititelu,Unkown
Veronika Laippala,Unkown
Veronika Stefanov,Unkown
Veronika Vincze,Unkown
Veysi Isler,Unkown
Veysi İşler,Unkown
Victor Fonte,Unkown
Victor Lazzarini,Unkown
Victor Minces,Unkown
Victoria Arranz,Unkown
Victoria Bejarano,Unkown
Victoria Chamberlain,Unkown
Victoria Chapman,Unkown
Vidit Goel,Unkown
Viet-Khoa Vo-Ho,Unkown
Vikas Goel,Unkown
Viktor Varga,Unkown
Vildan Çetkin,Unkown
Vilelmini Sosoni,Unkown
Vincent Andrearczyk,Unkown
Vincent Andrieu,Unkown
Vincent Wade,Unkown
Vincenzo Lomonaco,Unkown
Vincenzo Mangini,Unkown
Vinicius Borges,Unkown
Vinod Hegde,Unkown
Vishal Bhat Ramachandra,Unkown
Vitali Liauchuk,Unkown
Vito Manzari,Unkown
Vitor Ac Horta,Unkown
Vittoria Cozza,Unkown
Vivek Datla,Unkown
Vivek Singh,Unkown
Vivian S Silva,Unkown
Viviana Bastidas,Unkown
Viviana Patti,Unkown
Vivien Petras,Unkown
Vl Lewis,Unkown
Vladimir Iljitj Lenin,Unkown
Vladimir Popescu,Unkown
Volha Petukhova,Unkown
Volker Schöffl,Unkown
Volker Sorge,Unkown
Vos S.,Unkown
Vp Lombardo,Unkown
Vp Nanda,Unkown
Vt Ninh,Unkown
Vu Trivedi,Unkown
Vv Kochmasheva,Unkown
Víctor Sánchez-Cartagena,Unkown
W Bassow,Unkown
W Bloch,Unkown
W Boyd,Unkown
W Edson,Unkown
W Kim,Unkown
W Kosmala,Unkown
W Lampl,Unkown
W Tracz,Unkown
Wa Stack,Unkown
Waleed Ali,Unkown
Walid Aransa,Unkown
Walid Magdy,Unkown
Wallapak Tavanapong,Unkown
Walter Benjamin,Unkown
Walter Crane,Unkown
Walter Daelemans,Unkown
Wang Chen,Unkown
Wannes Meert,Unkown
Waqas Khawaja,Unkown
Ward N.,Unkown
We Bijker,Unkown
Wei Li,Unkown
Wei Tai,Unkown
Weisi Lin,Unkown
Wellington Franco,Unkown
Wellington J CorrˆEa,Unkown
Wen-Huang Cheng,Unkown
Wenbin Jiang,Unkown
Wendy Chapman,Unkown
Wendy Timms,Unkown
Wenjia Zheng,Unkown
Werner Bailer,Unkown
Wessel Kraaij,Unkown
Wessel Reijers,Unkown
Wf Chua,Unkown
Wichaya Pidchamook,Unkown
Wil Van Der Aalst,Unkown
Will Wade,Unkown
William Clifford,Unkown
William Donnelly,Unkown
William Fitzgerald,Unkown
William J Rickard,Unkown
William Johnston,Unkown
William Morris,Unkown
William S Henry,Unkown
William Webber,Unkown
Willie McClinton,Unkown
Willie Muehlhausen,Unkown
Wolfgang Hurst,Unkown
Wolfgang Maier,Unkown
Wolfgang Schmidt,Unkown
Wolfgang Seeker,Unkown
Wolfgang Weiss,Unkown
Woods K.,Unkown
Wr Nord,Unkown
Ws Tisdale,Unkown
Ww Stone,Unkown
Ww Ursinus,Unkown
Wx Zhao,Unkown
X Lei,Unkown
X Li,Unkown
X Tien Dang,Unkown
Xabier Soto,Unkown
Xavier Giró Nieto,Unkown
Xianhe Sun,Unkown
Xiao Liu,Unkown
Xiaofang Zhou,Unkown
Xiaofeng Wu,Unkown
Xiaojun Zhang,Unkown
Xiaowei Li,Unkown
Xin Zhang,Unkown
Xingyi Song,Unkown
Xinyue Hao,Unkown
Xuan Chen,Unkown
Xueke Lu,Unkown
Y Agca,Unkown
Y Alueva,Unkown
Y Amoh,Unkown
Y Hamamichi,Unkown
Y Levant,Unkown
Y Liu,Unkown
Y Morsy,Unkown
Y Vance Paredes,Unkown
Ya Debrah,Unkown
Yagup Macit,Unkown
Yalemisew Abgaz,Unkown
Yan Cindy Sun,Unkown
Yan Delauré,Unkown
Yancy Vance Paredes,Unkown
Yang Li,Unkown
Yang Xu,Unkown
Yang Yang,Unkown
Yangsheng Xu,Unkown
Yanjun Ma,Unkown
Yanli Hu,Unkown
Yann Mathet,Unkown
Yannick Estève,Unkown
Yannick Versley,Unkown
Yannis Avrithis,Unkown
Yantian Hou,Unkown
Yaoyong Li,Unkown
Yasemin Bekturk,Unkown
Yasemin Yigit Kuru,Unkown
Yashin Dicente Cid,Unkown
Yasmin Moslem,Unkown
Yasufumi Moriya,Unkown
Ye Pan,Unkown
Yg Naresh,Unkown
Yi Chen,Unkown
Yi-Jie Tang,Unkown
Yiannis Andreopoulos,Unkown
Yifan He,Unkown
Yifan He Yanjun Ma,Unkown
Yihui Xie,Unkown
Yildiz H Duran,Unkown
Yiming Zhang,Unkown
Ying Liu,Unkown
Ying Mao,Unkown
Ying Wang,Unkown
Ying Zhang,Unkown
Yingqi Gu,Unkown
Yl Cheong,Unkown
Ylva Ferstl,Unkown
Yngve Sundblad,Unkown
Yoav Goldberg,Unkown
Yongchen Cui,Unkown
Yongxiang Wang,Unkown
Yoonhee Choi,Unkown
Yooyoung Lee,Unkown
Yoshua Bengio,Unkown
Yota Georgakopoulou,Unkown
Young B Choi,Unkown
Youngsung Son,Unkown
Ys Chee,Unkown
Yt Tan,Unkown
Yu Cheng,Unkown
Yu Guo,Unkown
Yuan Ling,Unkown
Yuan Sun,Unkown
Yuchao Zhang,Unkown
Yucong Duan,Unkown
Yue Ma,Unkown
Yuji Matsumoto,Unkown
Yulan He,Unkown
Yulin Dai,Unkown
Yulong Pei,Unkown
Yun Song,Unkown
Yunxiang Ling,Unkown
Yuqian Song,Unkown
Yuri Bizzoni,Unkown
Yusuf Uzzama Khan,Unkown
Yusuke Miyao,Unkown
Yuto Nakai,Unkown
Yuval Marton,Unkown
Yves Peirsman,Unkown
Yvette Graham,Assistant Professor
Z Barnovska,Unkown
Z Bauman,Unkown
Z Bulbul,Unkown
Z Hoque,Unkown
Z Issa,Unkown
Z Wang,Unkown
Zaher Hinbarji,Unkown
Zainab Abu Bakar,Unkown
Zdeněk Žabokrtský,Unkown
Zdeňka Urešová,Unkown
Zeeshan Ahmed,Unkown
Zengxiang Li,Unkown
Zeno Albisser,Unkown
Zhaopeng Tu,Unkown
Zhen Yang,Unkown
Zheng-Jun Zha,Unkown
Zhengwei Qiu,Unkown
Zhengwei Qui,Unkown
Zhengwei Wang,Unkown
Zhengyuan Tang,Unkown
Zhenjiang Li,Unkown
Zhenxing Zhang,Unkown
Zhidan Liu,Unkown
Zhilan Hu,Unkown
Zhiliang Zhu,Unkown
Zhou Liting,Unkown
Zia Ush Shamszaman,Unkown
Zihao Guo,Unkown
Zohar Etzioni,Unkown
Zohra Bellahsene,Unkown
Zohreh Pourzolfaghar,Unkown
Zoran Misajleski,Unkown
Zsolt Szántó,Unkown
Zulal Akarsu,Unkown
Zwi Altman,Unkown
Ágnes Gyarmati,Unkown
Ángel Rodríguez,Unkown
Åge Kvalnes,Unkown
Çağdaş Üsfekes,Unkown
Émile Henry,Unkown
Özgün Onat Metin,Unkown
Özlem Çetinoğlu,Unkown
İlknur Durgar El-Kahlout,Unkown
İpek Ohri,Unkown
İrem Öge,Unkown
İsmail Kılınç,Unkown
İzzet Sakallı,Unkown
Şahin Kayalı,Unkown
Željko Agic,Unkown
老松杨， 白亮， 刘海涛,Unkown
