,id,keyword
0,1,", statistical machine translation"
1,2,24-H dietary recall
2,3,3G
3,4,ACL
4,5,ACL tear
5,6,AI ensembles
6,7,ARIMA
7,8,ARK Platform
8,9,ASR
9,10,Accountability
10,11,Action recognition
11,12,Activity classification
12,13,Activity recognition
13,14,Ad-hoc Networks
14,15,Affective Computing
15,16,Agent-Based Modelling
16,17,Agent-based models
17,18,Agile
18,19,Agile Software Development
19,20,Agile software development
20,21,Agri
21,22,Agri-analytics
22,23,Algorithms
23,24,Alzheimer's disease
24,25,Amateur-produced Video
25,26,Ambient Assisted Living
26,27,Ambient Assistive Technology
27,28,Analyse syntaxique
28,29,Analytics
29,30,Annotation
30,31,Annotation Task
31,32,Anomaly Detection
32,33,Anomaly detection
33,34,Answer Set Programming
34,35,Antiretroviral treatment
35,36,Application
36,37,Application Features
37,38,Approximate Sentence Matching
38,39,Arabic User-Generated content
39,40,Artificial Intelligence
40,41,Asian language translation
41,42,Assessment Methods
42,43,Assistive Technology
43,44,Assistive living
44,45,Attention Algorithms
45,46,Attention mechanism
46,47,Attitude: Polarity
47,48,Attribute dynamics
48,49,Auction Mechanism
49,50,Authoring Tool
50,51,Authoring Tools
51,52,Autoencoder
52,53,Automated Assessment
53,54,Automated Wearable Cameras
54,55,Automatic Error Correction
55,56,Automatic Mapping
56,57,Automatic Post-editing
57,58,Automatic anchor selection
58,59,Automatic post-editing
59,60,Automatic segmentation
60,61,Autonomous vehicles
61,62,Aviation Safety Management Systems
62,63,BCI
63,64,BLEU
64,65,BRF
65,66,BabelNet
66,67,Backtranslation
67,68,Behavior analytics
68,69,Behavioral Analytics
69,70,Behavioral Research
70,71,Behavioral analytics
71,72,Behavioral correctness verification
72,73,Behavioral finance
73,74,Behaviour
74,75,Behaviour change
75,76,Behaviour change support system
76,77,Belief systems
77,78,Benchmark
78,79,Benchmark testing
79,80,Best Practice Framework
80,81,Bi-LSTM
81,82,Big Data
82,83,Big data
83,84,Biomedical monitoring
84,85,Bitcoin
85,86,Blind Relevance Feedback
86,87,Blind Translators
87,88,Blockchain
88,89,Bluetooth
89,90,Bluetooth indoor positioning
90,91,Brain computer interface
91,92,Brain computer processing
92,93,Brain tumor segmentation
93,94,Brain-computer Interface
94,95,Brain-computer interface
95,96,Broadcasting data
96,97,Browsers
97,98,Building Information Modelling
98,99,Business Layer
99,100,Business Success
100,101,Business Value of IT
101,102,Business success
102,103,Business-IT Alignment
103,104,C2T
104,105,CBMT
105,106,CCG
106,107,CCTV
107,108,CLEF-IP track
108,109,CLIR
109,110,"CMM, Metric"
110,111,CNN
111,112,CNN accelerator
112,113,CNN networks
113,114,CNNs
114,115,CO2
115,116,COVID-19
116,117,CST
117,118,Cache placement
118,119,Calibration
119,120,Camera
120,121,Camera Motion
121,122,Case study
122,123,Cellular Automata
123,124,Cellular automata
124,125,Cellular automata models
125,126,Change detection
126,127,Chemical separations
127,128,Childhood obesity
128,129,Children
129,130,Chinese-English
130,131,Chroma intra prediction
131,132,Chronic Kidney Disease (CKD)
132,133,Chronic disease
133,134,Cities and towns
134,135,Classification
135,136,Climate Change
136,137,Cloud
137,138,Cloud Architecture
138,139,Cloud Migration
139,140,Cloud Migration Processes
140,141,Cloud computing
141,142,"Cloud, Software-as-a-Service (SaaS)"
142,143,CloudSim
143,144,CloudSimPlus
144,145,Clustering
145,146,Coatings
146,147,Code Embeddings
147,148,Code Mixing
148,149,Cognitive Stimulation Therapy
149,150,Cognitive stimulation therapy
150,151,Collaborative Design
151,152,Colorimetric analysis
152,153,Combinatory Categorial Grammar
153,154,Communication architecture
154,155,Communication strategies
155,156,Community structure
156,157,Compartmental Models
157,158,Complex Event Processing
158,159,Complex Events
159,160,Complex modelling
160,161,Complex systems
161,162,Complexity Theory
162,163,Compliance
163,164,Computational modeling
164,165,Computational modelling
165,166,Computer Science
166,167,Computer Science Education
167,168,Computer Vision
168,169,Computer science education
169,170,Computer vision
170,171,Computer-Aided Translation
171,172,Concept Classifiers
172,173,Concept detection
173,174,Concept detection  enhancement
174,175,Concept detection enhancement
175,176,Concept selection
176,177,Concept semantics
177,178,Concept-based representation
178,179,"Confidence
Estimation"
179,180,Connected Health
180,181,Consumer behavior
181,182,Context
182,183,Context and Content
183,184,Context fusion
184,185,Contextual Recommendation
185,186,Continuous Software Engineering
186,187,Continuous water monitoring
187,188,Contractions
188,189,Contrastive Learning
189,190,Contrastive learning
190,191,Controlled Language
191,192,Controlled Languages
192,193,Controlled drug delivery
193,194,Controlled drug delivery systems
194,195,Convolution
195,196,Convolution kernels
196,197,Convolutional Neural Network
197,198,Coronaviruses
198,199,"Corpus-Based Machine
Translation"
199,200,Correlation
200,201,Correlation & Covariance
201,202,Correlation matrix
202,203,"Crisis Information Mining and
Support"
203,204,Crisis Management
204,205,Cross Language News Search
205,206,Cross language information retrieval
206,207,Cross-Language Information Retrieval
207,208,Cross-language information retrieval
208,209,Cross-lingual Information Retrieval
209,210,Cross-lingual Link Discovery
210,211,Cross-lingual Tweet tagging
211,212,Crowd Analysis
212,213,Crowd Counting
213,214,CrowdFlower
214,215,Crowdsourcing
215,216,Cubes
216,217,Cultural heritage
217,218,Customer Behavior
218,219,Customer Experience
219,220,Customer Knowledge
220,221,Customer Lifetime Value
221,222,Customer Retention.
222,223,Customer Segmentation
223,224,Cyptocurrency
224,225,DBSCAN
225,226,DES
226,227,DQN
227,228,Data Analytics
228,229,Data Anlytics
229,230,Data Cubes
230,231,Data Engineering
231,232,Data Extraction
232,233,Data Fusion
233,234,Data Governance
234,235,Data Governance.
235,236,Data Integration
236,237,Data Management
237,238,Data Mining
238,239,Data Protection Officer
239,240,Data Quality
240,241,Data Quality Analysis
241,242,Data Streams
242,243,Data Synchronisation
243,244,Data Transformation
244,245,Data Valu
245,246,Data Value
246,247,Data Value Chains
247,248,"Data Value, RDB, Information Systems, CMM, Metrics"
248,249,Data Warehouse
249,250,Data Warehousing
250,251,Data acquisition
251,252,Data governance
252,253,Data harvesting
253,254,Data imbalance
254,255,Data integration
255,256,Data management
256,257,Data mining
257,258,Data models
258,259,Data privacy
259,260,Data protection officer
260,261,Data selection
261,262,Data skew
262,263,Data synchronisation
263,264,Data-mining
264,265,Dataset
265,266,Dataset Collection
266,267,Dataspace
267,268,Decision Support
268,269,Decision Support Systems
269,270,Decision support
270,271,Decoding
271,272,Decompounding
272,273,"Deep
learning"
273,274,Deep Learning
274,275,Deep Reinforcement Learning
275,276,Deep learning
276,277,Deep representation learning
277,278,Deepfake generation
278,279,Defeasible Reasoning
279,280,Dementia
280,281,Demo
281,282,Denoising autoencoder
282,283,Dependency
283,284,Design Framework Reference Architecture
284,285,Design Knowledge
285,286,Design Methodology
286,287,Design Principles
287,288,Design requirements
288,289,Dialogue
289,290,Dialogue Metrics
290,291,Dialogue translation
291,292,Dice coeﬀicient
292,293,Digital Diary
293,294,Digital Libraries
294,295,Digital Retail
295,296,Digital Video Application
296,297,Digital curation
297,298,Digital retail
298,299,Digital video application
299,300,Dimensionality reduction
300,301,Disability Assessment
301,302,Discourse Corpus
302,303,Discrete Simulation
303,304,Discrete simulation
304,305,Discrete systems
305,306,"Distributed
Clustering"
306,307,Distributed Representations
307,308,Distributed data mining
308,309,Distributed join
309,310,"Diversity, Synthetic time series"
310,311,Document Augmentation with Images
311,312,Document Expansion
312,313,Document Segmentation
313,314,Document embedding
314,315,Document expansion
315,316,Document rewriting
316,317,Domain Adaptation
317,318,Domain Expert
318,319,Domain-Specific Information Retrieval
319,320,Dominant Point
320,321,Dropped Pronoun
321,322,Drosophila melanogaster
322,323,Drug Delivery Systems
323,324,Drug Dissolution
324,325,Drug dissolution
325,326,"Drugs, Analytical models"
326,327,Dual decomposition
327,328,Dynamic Clustering
328,329,Dynamic K-means
329,330,Dynamic models
330,331,E-commerce
331,332,E-lexicography
332,333,EBMT
333,334,EDSS
334,335,EEG
335,336,EMG
336,337,ERCIM
337,338,ERP
338,339,ETL
339,340,EU ETS
340,341,EU Emission Allowances
341,342,Early stage dementia
342,343,Edge Computing
343,344,Edge computing
344,345,Edit Distance
345,346,"Educational
Data Mining"
346,347,Educational Data Mining
347,348,Educational Technology
348,349,Educational analytics
349,350,Educational data mining
350,351,Educational technology
351,352,Educational video classification
352,353,Eigenvalues and eigenfunctions
353,354,ElasticSearch
354,355,Electric bicycles
355,356,Electroencephalography
356,357,Embedded Sensors
357,358,Emotion
358,359,Emotion Detection
359,360,Emotion Space.
360,361,Emotions recognition technologies
361,362,Empirical evaluation
362,363,End-user
363,364,Endoscopic video
364,365,Energy-saving
365,366,English
366,367,English learning
367,368,English teaching
368,369,English to Farsi
369,370,"English, Human-Computer interaction"
370,371,Enterprise Architecture
371,372,Enterprise Concerns
372,373,Entity
373,374,Entity linking
374,375,Entity translation
375,376,Environmental Communication
376,377,Environmental Issues
377,378,Environmental Monitoring
378,379,Environmental monitoring
379,380,Environmental sensing
380,381,Eolas
381,382,Episodic context
382,383,Ergonomics
383,384,Estuary
384,385,"Estuary, Marine"
385,386,Ethics
386,387,Europe
387,388,European Parliament
388,389,EvAAL competition
389,390,Evaluation
390,391,Evaluation Framework
391,392,Evaluation Metric
392,393,Evalueation
393,394,Event Segmentation
394,395,Event classification
395,396,Event detection
396,397,Event-Condition-Action
397,398,EventSegmentation
398,399,Events
399,400,Everyday concepts
400,401,"Example-
Based Machine Translation"
401,402,Example-Based Machine Translation
402,403,Exemplar-SVMs
403,404,Experimentation
404,405,Explainable AI
405,406,Explainable Artificial Intelligence
406,407,Extreme parameter values
407,408,Eye tracking
408,409,Eye-tracking Glasses
409,410,F/X
410,411,FAIR Principles
411,412,FAIR ontologies
412,413,"FAccT (Fairness, Accountability, Transparency)"
413,414,FBK
414,415,FCNs
415,416,Faceted Search
416,417,Factorization
417,418,Family
418,419,Faroese language resources
419,420,Farsi
420,421,Feature Decay Algorithms (FDA)
421,422,Feature Selection
422,423,Feature extraction
423,424,FeatureExtraction
424,425,Fibonacci
425,426,Field Search
426,427,Film Studies
427,428,Film studies
428,429,Fingerprinting
429,430,Fixations
430,431,Food Detection
431,432,Food Recognition
432,433,Food marketing
433,434,Football Coach
434,435,Forecast Aggregation
435,436,Forecasting
436,437,Form and Function
437,438,Fraud Detection
438,439,Functional System
439,440,Functionality
440,441,Furhat robot
441,442,Fusion
442,443,Fuzzy Logic
443,444,Fuzzy Query
444,445,GA
445,446,GANs
446,447,GD
447,448,GDPR
448,449,GIS
449,450,GPS
450,451,GPS technology
451,452,Gaeilge
452,453,Gaelic Football
453,454,Gaelic football
454,455,Gaelic games
455,456,Game Theory
456,457,"Game Theory,Process Simulation"
457,458,Game-based agile software development
458,459,Games
459,460,Gamification
460,461,Gaussian Blurring
461,462,Gene Regulatory Networks (GRNs)
462,463,Gene regulatory networks
463,464,Generative Adversarial Network
464,465,Generative Adversarial Networks
465,466,Generative adversarial networks
466,467,Geo-Tagging
467,468,Geographic Information Systems
468,469,Geospatial Data
469,470,Geospatial Feature
470,471,"Geospatial Linked Data,Data Themes, Data Catalog"
471,472,German
472,473,German-English
473,474,German-to-English
474,475,Gerontology
475,476,Gesture Interface
476,477,Google Translate
477,478,Google glass
478,479,Google scholar
479,480,Governance of IS organisation
480,481,Gradient Boosting (GB)
481,482,Graph analysis
482,483,Grounded theory
483,484,Group Sharing
484,485,HCI
485,486,HIV
486,487,HOG
487,488,HPC
488,489,Hadoop
489,490,Hafnium
490,491,Health
491,492,Health Information Seeking
492,493,Healthcare
493,494,Healthcare Delivery
494,495,"Heterogeneous Sensory
Data Analytics"
495,496,Hierarchical Statistical Machine Translation
496,497,High-performance computing
497,498,Hindi
498,499,Hindi Information Retrieval
499,500,Home Monitoring
500,501,Hospitals
501,502,"Human
computer interaction"
502,503,Human Activity Recognition
503,504,"Human Computer
Interaction"
504,505,Human Computer Interaction
505,506,Human Evaluation
506,507,Human MT evaluation
507,508,Human action recognition
508,509,Human activities
509,510,Human factors
510,511,Human falls
511,512,Human memory
512,513,Human-AI Interaction
513,514,Human-Centered AI
514,515,Human-Computer interaction
515,516,Human-computer interaction
516,517,Hybrid MT
517,518,Hyper-parameter selection
518,519,Hyperlinking
519,520,Hypothesis Testing
520,521,IAP
521,522,IBM Academic Cloud
522,523,IEC 80001-1
523,524,IPTV
524,525,ISO
525,526,ISO/IEC 12207
526,527,ISO/IEC 15504
527,528,Image Annotation
528,529,Image Dataset
529,530,Image Processing
530,531,Image Retrieval
531,532,Image Sharing
532,533,Image matching
533,534,Image retrieval
534,535,Image segmentation
535,536,Image/video search
536,537,ImageCLEF benchmarking
537,538,Images
538,539,Implicit Association Test (IAT)
539,540,Implicit beliefs
540,541,Incomplete Annotation Problem
541,542,Indexing
542,543,Indonesian
543,544,Industrial Case Study
544,545,Infographic
545,546,Informal abbreviations
546,547,Information Retrieval
547,548,Information Systems
548,549,Information communication technology
549,550,Information retrieval
550,551,Information visualization
551,552,InformationRetrievalSystem
552,553,Infrastructure
553,554,Innovation
554,555,Inquiry-based learning
555,556,Instance Search
556,557,Institutional Repositories
557,558,Intelligent Analytics
558,559,Intelligent Tutoring Systems
559,560,Interaction Design
560,561,Interactive Devices
561,562,Interactive Known-Item Search
562,563,Interactive Multimedia Application
563,564,Interactive Neural Machine Translation
564,565,Interactive Personality Assessment
565,566,Interactive Retrieval
566,567,Interactive assessment
567,568,Interactive lifelog search engine
568,569,Interface Design
569,570,Internet
570,571,Internet of Things
571,572,Internet of Things (IoT)
572,573,Internet video
573,574,Interoperability
574,575,Interview study
575,576,"Intrusion, Networks"
576,577,IoT
577,578,IoT Network
578,579,Irish
579,580,Irish Sign Language
580,581,Irish language
581,582,"Irregular Camera
Motion"
582,583,KPI
583,584,Keirsey Temperament Sorter II
584,585,Key Performance Indicator
585,586,Keyframe
586,587,Keyframe Extraction
587,588,Keystroke dynamics
588,589,Khresmoi project
589,590,Knowledge  Graph
590,591,Knowledge Distillation
591,592,Knowledge Loss
592,593,Knowledge Retention Process
593,594,Knowledge Transfer
594,595,L2 learning
595,596,LF model
596,597,LF-model
597,598,LFG structures
598,599,LM
599,600,LOD cloud
600,601,LSL
601,602,LSTM
602,603,"LSTMs, MDNs"
603,604,Label Storage Scheme
604,605,Landfill gases
605,606,Landmark Classification
606,607,Landmark Recognition
607,608,Landmark recognition
608,609,Language Learning
609,610,Language Modelling
610,611,Language modelling
611,612,Language parsing
612,613,Language resources
613,614,Language technology integration
614,615,Latent Dirichlet Allocation
615,616,Lead user
616,617,League Soccer
617,618,Lean
618,619,Lean software development
619,620,Learner
620,621,Learner Experience
621,622,Learning Analytics
622,623,Learning Behaviours
623,624,Learning analytics
624,625,Legal Compliance
625,626,Less-resourced languages
626,627,"Lexical
Functional Grammar"
627,628,Lexicalisation
628,629,Life-Long Collections
629,630,Life-long collections
630,631,Lifelog
631,632,Lifelogging
632,633,Lightweight Process Assessment Method
633,634,Linked
634,635,Linked Data
635,636,Linked Data.
636,637,Literature translation
637,638,Living lab
638,639,Load balancing
639,640,Localization and Recognition of Scoreboard
640,641,Location-Based Social Networks
641,642,Log analysis
642,643,Logic gates
643,644,Logic in Computer Science
644,645,Logistic Regression (LR)
645,646,Lung infection
646,647,Lung segmentation
647,648,MAP
648,649,MATREX
649,650,MDevSPICE
650,651,MDevSPICE®
651,652,MFCC
652,653,MOOC
653,654,MOOC video classification
654,655,MOOCs
655,656,MRI
656,657,MRLs
657,658,MT
658,659,MT evaluation
659,660,Machine Learning
660,661,Machine Translation
661,662,Machine learning
662,663,Machine translation
663,664,Magnetic Resonance Imaging
664,665,Malt
665,666,Manuals
666,667,MapReduce
667,668,Mapping Rules
668,669,Mappings
669,670,Marine
670,671,Marine environments
671,672,Marine sensors
672,673,Market Attention
673,674,Market Sentiment
674,675,Markov random model
675,676,Mathematical foundations
676,677,Matrix Profile
677,678,Maximum Overlap Discrete Wavelet Transform
678,679,Mean Average Precision
679,680,Measurement
680,681,Mechanism Design
681,682,Media
682,683,Media Technology
683,684,Medical
684,685,Medical Device Software
685,686,Medical Device Software Process Assessment
686,687,Medical Device Software Process Assessment and Improvement
687,688,Medical Device regulations
688,689,Medical Information
689,690,Medical Terminology Simplification
690,691,Medical device
691,692,Medical device regulation
692,693,Medical device risks
693,694,Medical device software
694,695,Medical device software development
695,696,Medical domain
696,697,Medical image analysis
697,698,Medical image retrieval
698,699,Medical information retrieval
699,700,Memorability
700,701,Memory
701,702,Memory Reminiscence
702,703,MemoryAugmentation
703,704,Metadata
704,705,Metadata Quality
705,706,Microarrays
706,707,Microblog Retrieval
707,708,Microblog Search
708,709,Microbolog
709,710,Microservices
710,711,Microspheres
711,712,Middleware
712,713,Mobile Device
713,714,Mobile Devices
714,715,Mobile ad hoc Networks
715,716,Model Selection
716,717,Modelling
717,718,"Modelling, Hybrid models"
718,719,Modifiable risk factors
719,720,Monitoring
720,721,Monte Carlo
721,722,Monte Carlo methods
722,723,Monte Carlo simulation
723,724,Morphologically Rich Languages
724,725,Motifs
725,726,Mouse dynamics
726,727,Movie Script
727,728,Movie Subtitle
728,729,Mulsemedia
729,730,Multi-Criteria Decision Analysis.
730,731,"Multi-Objective Evolution
Algorithm"
731,732,Multi-dimensional grids
732,733,Multi-label
733,734,Multi-modal Access
734,735,Multi-party computation
735,736,Multi-resolution Analysis
736,737,Multi-source
737,738,Multi-stage hierarchy
738,739,Multi-view learning
739,740,Multi-word Expression
740,741,Multi-word Expressions
741,742,Multilingual
742,743,Multilingual corpora
743,744,Multimedia
744,745,Multimedia Data
745,746,Multimedia Event Detection
746,747,Multimedia Indexing
747,748,Multimedia Information Retrieval
748,749,Multimedia Processing
749,750,Multimedia Retrieval
750,751,Multimedia Systems
751,752,Multimedia communication
752,753,Multimedia fusion
753,754,Multimedia modelling
754,755,Multimedia research
755,756,Multimodal Interface
756,757,Multimodal Interfaces
757,758,Multimodal sensors
758,759,Multiple Path Prediction
759,760,Multiple Sclerosis
760,761,Multistep ahead prediction
761,762,Multivariate time series
762,763,Music Information Retrieval
763,764,"Myers-
Briggs Type Indicator (MBTI)"
764,765,NE
765,766,NGS
766,767,NLP
767,768,NTCIR-11
768,769,NTCIR-12
769,770,Narrative peaks
770,771,"Natural
Language Engineering"
771,772,Natural Language Processing
772,773,Natural Language Processing Linguistics
773,774,Neighbourhood based transformation
774,775,Neural Embedding
775,776,Neural MT
776,777,Neural Machine Translation
777,778,Neural Networks
778,779,Neural Post-editing
779,780,"Neural machine
translation"
780,781,Neural machine translation
781,782,Neural network interpretability
782,783,Neural networks
783,784,Neural post-editing
784,785,Neuro-AI interface
785,786,Neuroscore
786,787,No-show
787,788,Noise
788,789,Non-negative matrix factorization
789,790,Non-standard spellings
790,791,Normalisation
791,792,Novel Application
792,793,OBDA
793,794,OLAP
794,795,OOVs
795,796,OWL
796,797,Obesity
797,798,Obesogenic environments
798,799,Older adults
799,800,Older workers
800,801,Omni Channel Retail
801,802,On-premise to Cloud
802,803,Online learning
803,804,Ontologies
804,805,Ontology
805,806,Ontology Engineering
806,807,Open Access
807,808,Open Data
808,809,Open Source Software
809,810,Open Source Software Contributor
810,811,OpenMP parallelisation
811,812,Opinion mining
812,813,Optical Character Recognition
813,814,Optical Flow
814,815,Optical sensing
815,816,Optimal consensus algorithm
816,817,Optimisation
817,818,Organisation personality profile
818,819,Organisational Change
819,820,Organizations
820,821,Outer join
821,822,P300
822,823,PANACEA
823,824,PIA
824,825,PKM
825,826,PLUTO
826,827,POI recommendation
827,828,POS tagging
828,829,PPE
829,830,PRES
830,831,PRF
831,832,Packet loss
832,833,Pairwise ranking
833,834,Pandemics
834,835,ParFDA
835,836,Parallel Corpora
836,837,Parallel Reasoning
837,838,Parallel algorithms
838,839,Parallel clustering
839,840,Parallel simulation
840,841,Parallelisation
841,842,Parsing
842,843,Parsing models
843,844,Passage retrieval
844,845,Patent MT
845,846,Patent Retrieval
846,847,Patent Search
847,848,Path prediction
848,849,Pathological Speech Classification
849,850,Patient Empowerment
850,851,Pattern Recognition
851,852,Pattern recognition
852,853,Pedestrian Behaviour
853,854,Peer learning
854,855,Performance
855,856,Performance Analysis
856,857,Performance evaluation
857,858,Periodic table-like structure
858,859,Periodicity
859,860,Personal  Data  Handling
860,861,Personal Archive
861,862,Personal Information Archives
862,863,Personal Life Archive
863,864,Personal Media
864,865,Personal Photo Management
865,866,Personal data
866,867,Personal digital archives
867,868,Personal information management
868,869,"Personal information management, Lifelogging, Personal digital archive, User behavior modeling"
869,870,Personal logging
870,871,Personal monitoring
871,872,Personal process improvement
872,873,Personalisation
873,874,Personality
874,875,Personality Assessment
875,876,Personality Proling
876,877,Personality Traits
877,878,Personality assessment process
878,879,Personality differences
879,880,Personality temperaments
880,881,Personalization
881,882,Persuasive system design
882,883,Pervasive Heath
883,884,Pervasive computing Identity
884,885,Petri nets
885,886,Pharmacokinetics
886,887,Phrase-Based Statistical Machine Translation
887,888,Phrase-based statistical machine translation
888,889,Physical activity
889,890,Physical activity application
890,891,Pivot MT
891,892,Pivot language
892,893,Pixel-based adaptive segmentation
893,894,Place-type tagging
894,895,Polling
895,896,Polymers
896,897,Polyp
897,898,Population Dynamics
898,899,Portuguese
899,900,Positive Computing
900,901,Post-Editing
901,902,Post-édition automatique
902,903,Posture
903,904,Pre-processing
904,905,Prediction
905,906,Prediction in the long run
906,907,Predictive Modelling
907,908,Predictive modelling
908,909,"Principal
Component Analysis (PCA)"
909,910,Principal Component Analysis
910,911,Principles
911,912,Privacy
912,913,Pro-Drop Language
913,914,Proactive Search
914,915,Probabilistic methods
915,916,Probabilistic models
916,917,"Process Assessment Model, Process Reference Model, Medical Device Software"
917,918,Process Improvement
918,919,Process Model
919,920,Process Selection
920,921,Process assessment framework
921,922,Process discovery
922,923,Process evolution
923,924,Process improvement
924,925,Process model
925,926,Process reflexivity
926,927,Productivity
927,928,Productivity factors of software development
928,929,Professional-produced Video
929,930,Programming Education
930,931,Programming Learning
931,932,Programming learning
932,933,Propagation
933,934,Proposals
934,935,"Pseudo
Relevance Feedback"
935,936,Pseudo relevance feedback
936,937,Pseudo-Relevance Feedback
937,938,Pseudorelevance feedback
938,939,Public Speaking
939,940,Public Speaking.
940,941,Public speaking anxiety
941,942,Publicly Funded Research
942,943,Purchase prediction
943,944,Purchasing behavior
944,945,Q-learning approach
945,946,QE
946,947,QoS
947,948,Qualitative research
948,949,Quality Assessment
949,950,Quality estimation
950,951,Quality of service
951,952,Query
952,953,Query Expansion
953,954,Query Reduction
954,955,Query Segmentation
955,956,Query Service
956,957,Query Summarization
957,958,Query Term
958,959,Query Translation
959,960,Query by Example
960,961,Query expansion
961,962,Query formation
962,963,Query formulation
963,964,Query segmentation
964,965,Query service
965,966,Query-independent search
966,967,"Question
quality prediction"
967,968,Questionnaire Validation
968,969,RBF
969,970,RBMT
970,971,RDB
971,972,RDB2RDF
972,973,RDF Stream Processing
973,974,RDF triplestore
974,975,RF
975,976,RLM
976,977,RSVP
977,978,RTM
978,979,Random Forest (RF)
979,980,Random Indexing
980,981,Random Matrix Theory
981,982,Random Matrix Theory (RMT)
982,983,Random walk
983,984,Ranking of machine translation output
984,985,Rapid Serial Visual Presentation
985,986,Rapid serial visual presentation
986,987,Rapid serial visual presentation (RSVP)
987,988,Real time systems
988,989,Real-time Feedback
989,990,Real-time feedback
990,991,Real-time systems
991,992,Reasoning
992,993,Recall-Oriented Information Retrieval
993,994,Recommender Algorithm
994,995,Recommender Systems
995,996,Recommender system
996,997,Reconstruction Model
997,998,Record Linkage
998,999,Recurrent Neural Networks
999,1000,Referential Translation Machines
1000,1001,Refinding
1001,1002,Refinement
1002,1003,RegTech
1003,1004,Register of Processing Activities
1004,1005,Regulatory Compliance
1005,1006,Relationships
1006,1007,Relevance Model
1007,1008,Relevance feedback
1008,1009,Reminiscence
1009,1010,Representation Learning
1010,1011,Representation Learning for Source Code
1011,1012,Representation learning
1012,1013,Representation uncertainty
1013,1014,Requirement
1014,1015,Requirement Smart City
1015,1016,Requirements Elicitation
1016,1017,Research Framework
1017,1018,Residual connection
1018,1019,Resolution of Impact (ROI)
1019,1020,Resource Description Framework (RDF)
1020,1021,Result presentation
1021,1022,Retrievability
1022,1023,Retrieval Method
1023,1024,Retrieval Result
1024,1025,Retrieval effectiveness
1025,1026,Reverse engineering
1026,1027,Reviewing behavior
1027,1028,Rich Speech Retrieval
1028,1029,Risk Management
1029,1030,Risk factor interactions
1030,1031,Robust online clustering
1031,1032,Rocchio feedback
1032,1033,Root Cause Analysis
1033,1034,Rule-based Normalization
1034,1035,Russian
1035,1036,SAFe
1036,1037,SAMT
1037,1038,SAVASA
1038,1039,SBQE
1039,1040,"SCR, contextualisation"
1040,1041,SEM
1041,1042,SF2FF engine
1042,1043,SIFT
1043,1044,"SIFT Points
Matching"
1044,1045,SIGIR
1045,1046,SMOTE
1046,1047,SMT
1047,1048,SPARQL
1048,1049,SPI
1049,1050,SPICE
1050,1051,SPUG Content
1051,1052,SURF
1052,1053,SVM
1053,1054,SVMs
1054,1055,Safety critical software
1055,1056,Safety critical software process
1056,1057,Salient keypoints
1057,1058,Salinity
1058,1059,Scalability
1059,1060,Schema and Ontology Matching
1060,1061,Scottish Gaelic
1061,1062,Scrumban
1062,1063,Search
1063,1064,Search Engine
1064,1065,Search engines
1065,1066,Searching
1066,1067,Second Language Learning
1067,1068,Self-reporting questionnaires
1068,1069,Self-supervised Learning
1069,1070,Semantic
1070,1071,Semantic Concept
1071,1072,Semantic Concepts
1072,1073,Semantic Indexing
1073,1074,Semantic Web
1074,1075,"Semantic Web, stream reasoning"
1075,1076,Semantic enhancement
1076,1077,Semantic indexing
1077,1078,Semantic similarity
1078,1079,Semantic uplift
1079,1080,Semantic web
1080,1081,Semantics
1081,1082,Semi-supervised
1082,1083,Semi-supervised Learning
1083,1084,Semiotics
1084,1085,SenseCam
1085,1086,SenseCam activity recognition
1086,1087,Sensecam
1087,1088,Sensor Applications
1088,1089,Sensor Networks
1089,1090,Sensor networks
1090,1091,Sensor web
1091,1092,Sensors
1092,1093,Sentence retrieval
1093,1094,Sentiment Analysis
1094,1095,Sentiment analysis
1095,1096,Sentiment translation
1096,1097,Serious games
1097,1098,Servers
1098,1099,Service Oriented Computing
1099,1100,Shape Representation
1100,1101,Shape descriptors
1101,1102,Shape polygonization
1102,1103,Short Message Service
1103,1104,Signal Processing
1104,1105,Similar Chess Positions
1105,1106,Simulated Users
1106,1107,Simulation
1107,1108,Simulation-based optimization
1108,1109,Single-document summarization
1109,1110,Situational Context
1110,1111,Situational Factors
1111,1112,Situational context
1112,1113,Situational factors reference model
1113,1114,Sketch-based retrieval
1114,1115,Skin Lesion
1115,1116,Sleep logging
1116,1117,Small Eigenvalue
1117,1118,Smart Cities
1118,1119,Smart City
1119,1120,Smart City Framework
1120,1121,Smart City Frameworks
1121,1122,Smart City Government
1122,1123,Smart Vehicles
1123,1124,Smart cities
1124,1125,Smart metering
1125,1126,Smart-City
1126,1127,SmartBay
1127,1128,Smartphones
1128,1129,Social Aspects of Software Development
1129,1130,Social Capital of Software Development
1130,1131,Social Constructivism
1131,1132,Social Media
1132,1133,Social Network Analysis
1133,1134,Social Networks
1134,1135,Social Signal Processing
1135,1136,Social media
1136,1137,Social media analysis
1137,1138,Social networks
1138,1139,Socio-technical aspects of software development
1139,1140,Software
1140,1141,"Software
Development Roles"
1141,1142,Software Developer Personality Traits
1142,1143,Software Developers Personalities
1143,1144,Software Development Context
1144,1145,Software Development Integrity
1145,1146,Software Development Process
1146,1147,Software Development Productivity
1147,1148,Software Engineer
1148,1149,Software Engineering
1149,1150,"Software Engineering Economics, Productivity, Social Aspects of Development"
1150,1151,Software Engineers
1151,1152,Software Process
1152,1153,Software Process Adaptation
1153,1154,Software Process Improvement
1154,1155,Software Process Lifecycle
1155,1156,Software Process Optimization
1156,1157,Software Product Line
1157,1158,Software Production
1158,1159,Software Productivity Factors
1159,1160,Software Productivity Improvement
1160,1161,Software SMEs
1161,1162,Software Team Visualization
1162,1163,Software Teams
1163,1164,Software development
1164,1165,Software development lifecycle
1165,1166,Software development management
1166,1167,Software development organisations
1167,1168,Software development process
1168,1169,Software development process Software development roles
1169,1170,Software engineering
1170,1171,Software engineering process
1171,1172,Software houses
1172,1173,Software integration
1173,1174,Software management
1174,1175,Software process
1175,1176,Software process assessment
1176,1177,Software process improvement
1177,1178,Sosyal etmenler
1178,1179,Source Code Plagiarism Detection
1179,1180,Source-Language Preprocessing
1180,1181,Spark
1181,1182,Spatial data
1182,1183,Spatial data mining
1183,1184,Spatio-temporal model
1184,1185,Specialised Communication
1185,1186,Specialised communication
1186,1187,Spectrograms
1187,1188,Speech
1188,1189,Speech Collection Creation
1189,1190,Speech Recognition
1190,1191,Speech Retrieval
1191,1192,Speech Search
1192,1193,Speech retrieval
1193,1194,Speech search
1194,1195,SpeechTo Speech Translation
1195,1196,SpeechToSpeech Translation
1196,1197,Speed advisory systems
1197,1198,Spelling Checking
1198,1199,Spelling Correction
1199,1200,Spelling correction
1200,1201,Spoken content retrieval
1201,1202,Sport Video
1202,1203,Sports
1203,1204,Sports Video
1204,1205,Standards
1205,1206,Standards organizations
1206,1207,State-of-the-art in Automatic Post-editing
1207,1208,Statistical Analysis
1208,1209,Statistical MT
1209,1210,Statistical Machine Translation
1210,1211,Statistical Machine Transliteration
1211,1212,Statistical machine translation
1212,1213,Story-driven software development
1213,1214,Storycrafting
1214,1215,Stream reasoning
1215,1216,Streaming media
1216,1217,Stress detection using Electrodermal Activity signal
1217,1218,Structural Equation Modeling
1218,1219,Structure equation modeling
1219,1220,Structured Treatment Interruption
1220,1221,Student-retention
1221,1222,Subject-Verb Agreement
1222,1223,Suicide
1223,1224,Summarization
1224,1225,Supervised
1225,1226,Support Vector Machines (SVM)
1226,1227,Support vector machines
1227,1228,Surveillance
1228,1229,Surveillance event detection
1229,1230,Survey
1230,1231,"Survey, Human Assessment"
1231,1232,Survival analysis
1232,1233,Swellable devices
1233,1234,Synchronization
1234,1235,Syntactic alignment
1235,1236,Syntactic priming
1236,1237,Syntax augmented machine translation
1237,1238,SystemTap
1238,1239,Systematic Approach
1239,1240,Systematic Review
1240,1241,Systems of Engagement
1241,1242,TRECVid
1242,1243,TRECVid benchmark
1243,1244,TV
1244,1245,Tag Relevance
1245,1246,Task Allocations
1246,1247,Task analysis
1247,1248,Task intelligence
1248,1249,Tasks
1249,1250,Taxonomy
1250,1251,Teaching information retrieval
1251,1252,Teaching standards
1252,1253,Team Dynamics
1253,1254,Team process
1254,1255,Team sport
1255,1256,Teamsports
1256,1257,"Technical, Tactical"
1257,1258,Technology
1258,1259,Technology Enhanced Learning
1259,1260,Telecollaboration
1260,1261,Telecommunication
1261,1262,Templating engine
1262,1263,Temporal
1263,1264,"Term Translation
Evaluation"
1264,1265,Terminology
1265,1266,Terminology Translation
1266,1267,Test Collection
1267,1268,Test-driven Software Development.
1268,1269,Text retrieval
1269,1270,The small sample size problem
1270,1271,Throughput
1271,1272,Thyristors
1272,1273,Time Series
1273,1274,Time Series Analysis
1274,1275,Time Series Prediction
1275,1276,Time Series modelsl
1276,1277,Time series
1277,1278,Time series analysis
1278,1279,Time series prediction
1279,1280,Topic Model
1280,1281,Topic Modelling
1281,1282,Topic Visualization
1282,1283,Touch Screen
1283,1284,Touchscreen Browser
1284,1285,Tracking
1285,1286,Traduction automatique statistique
1286,1287,Traffic Scenes
1287,1288,Training
1288,1289,Training load monitoring
1289,1290,Trajectory
1290,1291,Transcriptional regulation
1291,1292,Translation
1292,1293,Translation Memory
1293,1294,Translation Quality
1294,1295,Translation metrics
1295,1296,Translation quality assessment
1296,1297,Translation users
1297,1298,Translator productivity
1298,1299,Treebank
1299,1300,Trigger
1300,1301,Trusted  Data
1301,1302,Turbidity
1302,1303,Turkish
1303,1304,Tweet contextualization
1304,1305,Twitter
1305,1306,Two dimensional displays
1306,1307,Type-based Facets
1307,1308,U-Net
1308,1309,UI generation
1309,1310,Univariate time series
1310,1311,Unsupervised
1311,1312,Urban Enterprise
1312,1313,Urban Enterprise Components
1313,1314,Usability
1314,1315,Usage
1315,1316,Usage Data
1316,1317,Usage Monitoring
1317,1318,Usage data
1318,1319,Usage data analysis
1319,1320,User Behaviour
1320,1321,User Contributed Content
1321,1322,User Modelling
1322,1323,User Profile
1323,1324,User Requirements
1324,1325,User modeling
1325,1326,User-Generated Content
1326,1327,User-Generated Video
1327,1328,User-generated Video
1328,1329,User-generated content
1329,1330,VLE
1330,1331,VR
1331,1332,VSE
1332,1333,VSR
1333,1334,VSU
1334,1335,Vanets
1335,1336,Variable face images
1336,1337,Vehicle networks
1337,1338,Video
1338,1339,Video Archive
1339,1340,Video Browser Showdown
1340,1341,Video Captions
1341,1342,Video Classification
1342,1343,Video Document
1343,1344,Video Processing
1344,1345,Video Tagging
1345,1346,Video captioning
1346,1347,Video captions
1347,1348,Video genre Classification
1348,1349,Video learning
1349,1350,Video quality
1350,1351,Video retrieval
1351,1352,Video search
1352,1353,Video search and recommendation
1353,1354,Video sequences
1354,1355,Video summaries
1355,1356,Video summarisation
1356,1357,Video surveillance
1357,1358,Video understanding
1358,1359,"Video, Image"
1359,1360,Video-to-language
1360,1361,Virtual Reality
1361,1362,Virtual reality
1362,1363,Visual Object Classification
1363,1364,Visual Similarity
1364,1365,Visual Speech Unit
1365,1366,Visual analysis
1366,1367,Visual lifelog
1367,1368,Visual lifelogging
1368,1369,Visual sensing
1369,1370,Visual-Spatial Data Fusion
1370,1371,Visualisation
1371,1372,Visualisation approach
1372,1373,Visualization
1373,1374,Vocabulary
1374,1375,Voice source parametrisation
1375,1376,Wavelets
1376,1377,Weak geometric correlation consistency
1377,1378,Wearable Cameras
1378,1379,Wearable Sensors
1379,1380,Wearable camera
1380,1381,Wearable cameras
1381,1382,Wearable sensors
1382,1383,Wearables Sousveillance
1383,1384,Web Accessibility
1384,1385,Web Data
1385,1386,Web-based intervention
1386,1387,Wikipedia
1387,1388,Wireless Sensor Network
1388,1389,Wireless sensor network
1389,1390,Wireless sensor networks
1390,1391,Word Embeddings
1391,1392,Word embeddings
1392,1393,Word matching
1393,1394,Word2Vec
1394,1395,WordNet
1395,1396,Work15 load
1396,1397,Workload
1397,1398,Workshop
1398,1399,Workshops
1399,1400,XGBoost
1400,1401,XML
1401,1402,XML Analytics
1402,1403,XML Updates
1403,1404,XML data
1404,1405,XML update
1405,1406,Yazılım yönetimi
1406,1407,accelrometer
1407,1408,action localisation
1408,1409,active learning
1409,1410,activity monitoring
1410,1411,activity profile
1411,1412,activity recognition
1412,1413,ad-hoc collection
1413,1414,adaptive hypermedia
1414,1415,affect
1415,1416,affective computing
1416,1417,agent-based modelling
1417,1418,agent-basis
1418,1419,agile
1419,1420,agile development
1420,1421,algal blooms
1421,1422,ambient feedback
1422,1423,ambient information systems
1423,1424,analysis
1424,1425,annotated data
1425,1426,annotation
1426,1427,anomaly detection
1427,1428,applications
1428,1429,arbre de dépendance syntaxique
1429,1430,assistive technology
1430,1431,association rule mining
1431,1432,asynchronous communication
1432,1433,attention algorithms
1433,1434,attitude
1434,1435,audio  gestalt
1435,1436,audiovisual archives
1436,1437,automated image captioning
1437,1438,automatic annotation
1438,1439,automatic evaluation
1439,1440,automatic evaluation metrics
1440,1441,automatic post-editing
1441,1442,automatic segmentation
1442,1443,automatic speech recognition
1443,1444,autonomous gas sensors
1444,1445,autonomous vehicles
1445,1446,balance vector
1446,1447,behavioural finance
1447,1448,benchmark
1448,1449,benchmarking
1449,1450,bi-clustering
1450,1451,bi-gru
1451,1452,bibliometric study
1452,1453,big data
1453,1454,bilingual topic modelling
1454,1455,biomedical
1455,1456,biomedical information
1456,1457,biomedical technology
1457,1458,blogging
1458,1459,blogs
1459,1460,body sensors
1460,1461,brain computer interfaces
1461,1462,brain computer interfaces (BCI)
1462,1463,brain scans
1463,1464,brain-computer enterface
1464,1465,business privacy preservation
1465,1466,carbon dioxide
1466,1467,card-sorting
1467,1468,cardiorespiratory fitness
1468,1469,catchment monitoring
1469,1470,cell phone ubiquity
1470,1471,chemical sensors
1471,1472,chemistry
1472,1473,chemo-sensors
1473,1474,chinese translation
1474,1475,citation analysis
1475,1476,class co-occurrence
1476,1477,classification
1477,1478,cloud computing
1478,1479,cloud-to-thing continuum
1479,1480,cluster-based PageRank model
1480,1481,clustering
1481,1482,coarse-to-fine search
1482,1483,code switching
1483,1484,code2vec
1484,1485,cognition
1485,1486,collaborative benchmarking
1486,1487,collaborative information retrieval
1487,1488,collaborative learning
1488,1489,collaborative search
1489,1490,collaborative study
1490,1491,collaborative systems
1491,1492,colour
1492,1493,"colour normalisation, computer vision, edge detection, skin physiology/structure"
1493,1494,combinatory catagorical grammar
1494,1495,combinatory categorical grammar
1495,1496,community detection
1496,1497,community-based
1497,1498,comparable corpora
1498,1499,comparative evaluation
1499,1500,complex drug formulations
1500,1501,complexity reduction
1501,1502,component
1502,1503,component integration
1503,1504,computer games
1504,1505,computer vision
1505,1506,computer vision fairness
1506,1507,computer-aided translation
1507,1508,concept detection
1508,1509,concept refinement
1509,1510,concept-based query expansion
1510,1511,container orchestration
1511,1512,containerized application
1512,1513,content analysis
1513,1514,content based image retrieval
1514,1515,content management
1515,1516,context
1516,1517,context and content information
1517,1518,contextualization
1518,1519,"continuous
development"
1519,1520,continuous education
1520,1521,controlled query
1521,1522,conversation metrics
1522,1523,conversion
1523,1524,convolution neural network
1524,1525,convolutional neural networks
1525,1526,convolutional neural networks (CNN)
1526,1527,copyright
1527,1528,coral image segmentation and classification
1528,1529,coreference resolution
1529,1530,"corpus, annotation"
1530,1531,correlation
1531,1532,correlation matrix
1532,1533,cortically coupled computer vision
1533,1534,crime news
1534,1535,crisis translation
1535,1536,cross language information retrieval
1536,1537,cross-correlation
1537,1538,cross-disciplinary
1538,1539,cross-institutional
1539,1540,cross-organizational workflow
1540,1541,crowd behavior analytics
1541,1542,crowds
1542,1543,crowdsourcing
1543,1544,curiosity cloning
1544,1545,cycling
1545,1546,cycling event detection
1546,1547,daily reflection
1547,1548,data
1548,1549,data analysis
1549,1550,data analytics
1550,1551,data annotation
1551,1552,data anonymisation
1552,1553,data asset
1553,1554,data curation
1554,1555,data exploitation
1555,1556,data fusion
1556,1557,data growth
1557,1558,data mining
1558,1559,data models
1559,1560,data quality
1560,1561,data replication
1561,1562,data transformation
1562,1563,data value
1563,1564,data warehousing
1564,1565,data-oriented translation
1565,1566,database metamodels
1566,1567,database ontology
1567,1568,dataset
1568,1569,dataset bias
1569,1570,dataset dynamics
1570,1571,datasets
1571,1572,deep  learning
1572,1573,deep architecture
1573,1574,deep learning
1574,1575,delexicalised parsing models
1575,1576,dementia
1576,1577,"dementia, ethics, ambient assisted living, ambient intelligence, ambient technology, informed consent"
1577,1578,dependency analysis
1578,1579,dependency graph
1579,1580,dependency labels
1580,1581,dependency parsing
1581,1582,dependency parsing for low-resource languages
1582,1583,dependency treebank
1583,1584,deployment
1584,1585,design methodology
1585,1586,desktop search
1586,1587,detection refinement
1587,1588,difficulty factors
1588,1589,digital content management
1589,1590,digital libraries
1590,1591,digital memories
1591,1592,digital narrative
1592,1593,discrete event systems
1593,1594,dissolution models
1594,1595,distance learning
1595,1596,distributed computing
1596,1597,distributed mining
1597,1598,document surrogates
1598,1599,document-level MT
1599,1600,document-level MT evaluation
1600,1601,documentaries
1601,1602,domain adaptation
1602,1603,domain-specific information retrieval
1603,1604,domestic energy
1604,1605,double blind reviewing
1605,1606,drug dissolution
1606,1607,duplicate identification
1607,1608,duplicate removal
1608,1609,dynamic labeling schemes
1609,1610,dynamic labelling
1610,1611,dépendances syntaxiques universelles
1611,1612,e-learning
1612,1613,economic mechanism design
1613,1614,econophysics
1614,1615,edge computing
1615,1616,edge-weighting
1616,1617,editing
1617,1618,educational data mining
1618,1619,efficiency/effectiveness tradeoffs
1619,1620,eigenanalysis
1620,1621,eigenspectrum
1621,1622,eigenspectrum analysis
1622,1623,eigenvalues
1623,1624,elasticsearch
1624,1625,elderly
1625,1626,elderly user
1626,1627,electric bicycles
1627,1628,electroencephalograph
1628,1629,electroencephalography (EEG)
1629,1630,empirical study
1630,1631,encoding schemes
1631,1632,endurance
1632,1633,energy efficiency
1633,1634,energy monitoring
1634,1635,entity recognition
1635,1636,environmental hazards
1636,1637,environmental monitoring
1637,1638,environmental sensor networks
1638,1639,epilepsy
1639,1640,equal-time Correlation Matrices
1640,1641,equity returns
1641,1642,estimating energy expenditure
1642,1643,estuarine
1643,1644,ethics
1644,1645,evaluation
1645,1646,evaluation campaigns
1646,1647,evaluation metrics
1647,1648,event decay
1648,1649,event detection
1649,1650,event log
1650,1651,event segmentation
1651,1652,event-related potentials (ERPs)
1652,1653,events
1653,1654,example-packing
1654,1655,exercise
1655,1656,exercise rehabilitation
1656,1657,exercise therapy
1657,1658,expert reviews
1658,1659,explainable artificial intelligence
1659,1660,exploitation of social media in emergency situations
1660,1661,extended Kalman filter
1661,1662,external collections
1662,1663,eye-tracking
1663,1664,fast  deep  learning
1664,1665,fastText
1665,1666,fault tolerance
1666,1667,"feature extraction,"
1667,1668,feedback
1668,1669,field deployable
1669,1670,file system
1670,1671,financial blogs
1671,1672,financial time series
1672,1673,fog computing
1673,1674,"fog computing, orchestration"
1674,1675,football
1675,1676,foreign fiction
1676,1677,foreign literature
1677,1678,fractional-pixel motion compensation
1678,1679,frequency
1679,1680,future challenges
1680,1681,"future challenges and
opportunities."
1681,1682,future opportunities
1682,1683,gait performance
1683,1684,game elements
1684,1685,game theory
1685,1686,game-based learning
1686,1687,gamification
1687,1688,gender bias
1688,1689,gene expression
1689,1690,genetic regulatory networks
1690,1691,geo-tagged images
1691,1692,geospatial photo browsing
1692,1693,geovisualisation
1693,1694,gesture recognition
1694,1695,glottal source
1695,1696,glottal source parameterisation
1696,1697,google translate
1697,1698,grammar
1698,1699,grammatical error detection
1699,1700,grammatical error generation
1700,1701,green transportation
1701,1702,greenhouse gases
1702,1703,hand shape recognition
1703,1704,handshape recognition
1704,1705,handwriting  recognition
1705,1706,health care
1706,1707,heart rate
1707,1708,high performance analytics
1708,1709,high performance computing
1709,1710,home care
1710,1711,home energy monitoring
1711,1712,human action recognition
1712,1713,human computation
1713,1714,human computer interaction
1714,1715,human computer interfaces
1715,1716,human evaluation
1716,1717,human language technologies
1717,1718,human-computer interaction
1718,1719,human-robot interaction
1719,1720,hybrid process model
1720,1721,iPad
1721,1722,iPhone
1722,1723,image aesthetics
1723,1724,image analysis
1724,1725,image classification
1725,1726,image matching
1726,1727,image processing
1727,1728,image quality
1728,1729,image search
1729,1730,"image search
and retrieval"
1730,1731,image segmentation
1731,1732,imageclef
1732,1733,important locations
1733,1734,indexing
1734,1735,inertial measurement
1735,1736,informally structured speech
1736,1737,information
1737,1738,information retrieval
1738,1739,information system
1739,1740,innovation
1740,1741,inter prediction
1741,1742,inter-concept relations
1742,1743,interaction design
1743,1744,interactive TV
1744,1745,interactive retrieval
1745,1746,interactive retrieval system
1746,1747,interactive retrieval systems
1747,1748,interactive surveillance event detection
1748,1749,interactive video retrieval
1749,1750,interactive visualisation
1750,1751,interestingness
1751,1752,interface
1752,1753,internet-of-things
1753,1754,internetworking
1754,1755,intrinsic evaluation
1755,1756,irlandais
1756,1757,joint estimation of topic and tag relevance
1757,1758,k-mean
1758,1759,k-means
1759,1760,kNN
1760,1761,keyframe similarity
1761,1762,keyframes
1762,1763,knee injury
1763,1764,knowledge discovery
1764,1765,knowledge transfer across related languages
1765,1766,label reuse
1766,1767,labels
1767,1768,laboratory-based evaluation
1768,1769,landfill
1769,1770,landfill gases
1770,1771,landmark identi�cation
1771,1772,language corpus
1772,1773,language identification
1773,1774,language learning
1774,1775,language pairs
1775,1776,langue irlandaise
1776,1777,langue morphologiquement riche
1777,1778,learning
1778,1779,learning analytics
1779,1780,lexical functional grammar
1780,1781,life review
1781,1782,lifelog
1782,1783,lifelog event augmentation
1783,1784,lifelogging
1784,1785,lifelogging retrieval and summarization
1785,1786,"lifelogging, lifelog"
1786,1787,lifelogging.
1787,1788,lifestyle
1788,1789,liflogging
1789,1790,linguistic linked open data
1790,1791,link maintenance
1791,1792,linked data
1792,1793,literary translation
1793,1794,literature review
1794,1795,location
1795,1796,long-term outlook
1796,1797,low resource languages
1797,1798,low-cost
1798,1799,lower extremity
1799,1800,mHealth
1800,1801,machine learning
1801,1802,machine translation
1802,1803,machine translation evaluation
1803,1804,machine translation systems
1804,1805,"machine translation, language resources, European project, Croatian, Icelandic, Irish, Norwegian"
1805,1806,malware detection
1806,1807,management
1807,1808,mapping
1808,1809,marine science
1809,1810,market effciency
1810,1811,match analysis
1811,1812,maximal oxygen uptake
1812,1813,maximum overlap discrete wavelet transform
1813,1814,mean average precision
1814,1815,media selection
1815,1816,media streaming
1816,1817,medical image classification
1817,1818,medical records retrieval
1818,1819,medical searches
1819,1820,memory
1820,1821,"memory
management"
1821,1822,memory-based learning
1822,1823,metadata quality
1823,1824,metadata standards
1824,1825,metaheuristics
1825,1826,methane
1826,1827,methods
1827,1828,microarray data analysis
1828,1829,microblog search
1829,1830,microfluidic
1830,1831,minimum error rate training
1831,1832,mining
1832,1833,mining multimedia data
1833,1834,minority languages
1834,1835,mitochondrial enzyme activity
1835,1836,mobile apps
1836,1837,model adaptation
1837,1838,modelling
1838,1839,modifiable risk factors
1839,1840,monitoring
1840,1841,montage
1841,1842,mood
1842,1843,morphological analysis
1843,1844,morphologically complex word
1844,1845,morphologically rich language
1845,1846,movies
1846,1847,multi-dimensional  long  short-term  memory
1847,1848,multi-modal sensing
1848,1849,"multi-modal sensing, sensor networks"
1849,1850,multi-modal sensor networks
1850,1851,multi-model architectures
1851,1852,multi-objective optimization
1852,1853,multilingual searches
1853,1854,multilingual technologies
1854,1855,multimedia
1855,1856,multimedia data
1856,1857,multimedia hyperlinking
1857,1858,multimedia information retrieval
1858,1859,multimedia linking
1859,1860,multimedia research
1860,1861,multimedia search
1861,1862,multimedia security
1862,1863,multimedia technologies
1863,1864,multimodal
1864,1865,multimodal dataset
1865,1866,multimodal feedback
1866,1867,multimodal input
1867,1868,multimodal language
1868,1869,multiscale analysis
1869,1870,multivariate time series
1870,1871,music information retrieval
1871,1872,named entities
1872,1873,narrative
1873,1874,narrative presentation
1874,1875,natural language processing
1875,1876,neural MT
1876,1877,neural computing
1877,1878,neural machine translation
1878,1879,neural network
1879,1880,neural networks
1880,1881,non-monotonic reasoning
1881,1882,"non-stationary time
series"
1882,1883,novel technologies
1883,1884,object counting
1884,1885,object detection
1885,1886,online MT
1886,1887,ontologies
1887,1888,ontology
1888,1889,open source
1889,1890,open vocabulary querying
1890,1891,open-corpus content
1891,1892,operating system
1892,1893,opinion mining
1893,1894,orchestration architectures
1894,1895,orchestration challenges
1895,1896,orchestration standards
1896,1897,orchestration tools
1897,1898,organic memory
1898,1899,oryantasyon.
1899,1900,pH
1900,1901,pandemic
1901,1902,paper submission
1902,1903,parallel computing
1903,1904,parallel corpus
1904,1905,parallel data
1905,1906,"parallel reasoning, data partitioning"
1906,1907,parser
1907,1908,parsing
1908,1909,participation rate visualisation
1909,1910,passage retrieval
1910,1911,patent
1911,1912,patent prior art search
1912,1913,patent retrieval
1913,1914,pathological speech classification
1914,1915,patient monitoring
1915,1916,pattern clustering
1916,1917,pattern recognition
1917,1918,pedestrian behaviour
1918,1919,pedestrian detection
1919,1920,pedestrian tracking
1920,1921,peer observation
1921,1922,peer-to-peer
1922,1923,performance
1923,1924,person identification
1924,1925,personal data
1925,1926,personal data capture
1926,1927,personal health
1927,1928,personal improvement
1928,1929,personal information archives
1929,1930,personal information retrieval evaluation
1930,1931,personal knowledge management
1931,1932,personal life semantics
1932,1933,personalised search
1933,1934,personalization
1934,1935,pharmacokinetics
1935,1936,photoplethysmography
1936,1937,phrase-based SMT
1937,1938,phrase-based statistical machine translation
1938,1939,physical therapy specialty
1939,1940,physiological user interfaces
1940,1941,post-editing
1941,1942,posture
1942,1943,power management
1943,1944,power-law distribution
1944,1945,pre-processing
1945,1946,prediction
1946,1947,prediction and modelling
1947,1948,preprint servers
1948,1949,principal component analysis (PCA)
1949,1950,prior-art
1950,1951,prior-art patent searching
1951,1952,privacy
1952,1953,privacy access levels
1953,1954,privacy-by-design
1954,1955,probabilistic modelling
1955,1956,process definition
1956,1957,process implementation & change
1957,1958,"professional
dialogue"
1958,1959,program debugging
1959,1960,project management
1960,1961,prosthetic memory
1961,1962,pseudo relevance feedback
1962,1963,psycholinguistics
1963,1964,public domain software
1964,1965,purchase intent
1965,1966,quality estimation
1966,1967,quality of service
1967,1968,quantified self
1968,1969,query development
1969,1970,query expansion
1970,1971,query formulation
1971,1972,query logs
1972,1973,query reformulation
1973,1974,query reformulations
1974,1975,query-byimage-example video
1975,1976,query-independent search
1976,1977,quest creation process
1977,1978,questing structure
1978,1979,question answering
1979,1980,questionnaire
1980,1981,questionnaires
1981,1982,rainfall radar
1982,1983,random forest
1983,1984,random matrix theory
1984,1985,random matrix theory (RMT)
1985,1986,ranked list
1986,1987,ranking of machine translation output
1987,1988,rapid response MT
1988,1989,re-ranking
1989,1990,received total wideband power
1990,1991,recognition
1991,1992,recognition of hand drawn website UIs
1992,1993,recommendation system
1993,1994,recommender systems
1994,1995,recommender techniques
1995,1996,recsys
1996,1997,reflection
1997,1998,reflective practice
1998,1999,relaxed design constrain
1999,2000,relevance
2000,2001,relevance feedback
2001,2002,reminiscence therapy
2002,2003,remote sensing
2003,2004,reordering model
2004,2005,representation learning
2005,2006,resilient training
2006,2007,"resource
management"
2007,2008,resource allocation
2008,2009,retrieval effectiveness
2009,2010,risk situations detection
2010,2011,rule based machine translation
2011,2012,rule-based systems
2012,2013,running
2013,2014,safety context
2014,2015,safety critical software development
2015,2016,salinity
2016,2017,satellite sensing
2017,2018,scheduling
2018,2019,sea surface temperature
2019,2020,search
2020,2021,search engine
2021,2022,self-review
2022,2023,self-supervised learning
2023,2024,self-tracking
2024,2025,self-training
2025,2026,semantic abstraction
2026,2027,semantic concepts
2027,2028,semantic indexing
2028,2029,semantic modelling
2029,2030,semantic query processing
2030,2031,semantic segmentation
2031,2032,semantic smoothness
2032,2033,semantic theme classification
2033,2034,semantic uplift
2034,2035,semi-structured data
2035,2036,semi-supervised learning
2036,2037,sense clustering
2037,2038,sensecam
2038,2039,sensemaking
2039,2040,senseseer
2040,2041,sensor data aggregation
2041,2042,sensor data management
2042,2043,sensor intelligence
2043,2044,sensor network
2044,2045,sensor networks
2045,2046,sensor web
2046,2047,sensors
2047,2048,sentence based query expansion
2048,2049,sentence similarity
2049,2050,sentiment
2050,2051,sentiment analysis
2051,2052,sentiment polarity
2052,2053,sentiment translation
2053,2054,service computing
2054,2055,sharing
2055,2056,siamese
2056,2057,sign language
2057,2058,simulating cloud computing
2058,2059,simulating resource management
2059,2060,simulating resource provisioning
2060,2061,simulating resource scheduling
2061,2062,simulation
2062,2063,simulation challenges
2063,2064,simulation tools
2064,2065,sleep
2065,2066,smart cities
2066,2067,smart city
2067,2068,smart environments
2068,2069,smart fabrics
2069,2070,smart sensing
2070,2071,smart stadium
2071,2072,social media
2072,2073,social multimedia
2073,2074,social network analysis
2074,2075,social networks
2075,2076,software SMEs
2076,2077,software development
2077,2078,software development lifecycle
2078,2079,software development management
2079,2080,software development process
2080,2081,software engineering economics
2081,2082,software maintenance
2082,2083,software process
2083,2084,software process improvement
2084,2085,software quality improvement
2085,2086,software-as-a-service
2086,2087,sound
2087,2088,source context information
2088,2089,source language
2089,2090,spacial data mining
2090,2091,spatial data
2091,2092,spatial filtering
2092,2093,speech recognition
2093,2094,speech retrieval
2094,2095,speech search
2095,2096,speed advisory
2096,2097,spoken content retrieval
2097,2098,spoken document retrieval
2098,2099,spoken queries
2099,2100,spoken term detection
2100,2101,sport science
2101,2102,sports
2102,2103,sports video
2103,2104,statistical machine translation
2104,2105,statistical translation models
2105,2106,statistics
2106,2107,stereo
2107,2108,stochastic framework
2108,2109,storytelling
2109,2110,street-view analytics
2110,2111,structured equation modelling
2111,2112,student intervention
2112,2113,summarisation
2113,2114,summarization
2114,2115,superspeedup
2115,2116,supertags
2116,2117,surveillance
2117,2118,surveillance event detection
2118,2119,surveillance video
2119,2120,"sustainable
service"
2120,2121,sweat monitoring
2121,2122,"synchronous
communication"
2122,2123,synonymy
2123,2124,syntactic dependencies
2124,2125,syntactic priming
2125,2126,syntax augmented machine translation
2126,2127,systematic mapping
2127,2128,systematic review
2128,2129,tablet
2129,2130,tablet pc
2130,2131,task intelligence
2131,2132,task scheduling
2132,2133,task synchronization pattern.
2133,2134,tasks
2134,2135,team
2135,2136,team sport
2136,2137,team sports
2137,2138,technical variables
2138,2139,technology
2139,2140,technology enhanced learning
2140,2141,teletandem
2141,2142,tennis
2142,2143,terminology management
2143,2144,terminology policy
2144,2145,terminology processes
2145,2146,"test
collection"
2146,2147,test collection
2147,2148,test collection development
2148,2149,test drive development
2149,2150,testbed
2150,2151,"text
similarity"
2151,2152,text retrieval
2152,2153,text tagging
2153,2154,thematic analysis
2154,2155,time course data
2155,2156,time series
2156,2157,time series methods
2157,2158,topic creation
2158,2159,torrent-like dissemination
2159,2160,touchscreen
2160,2161,touchscreen interfaces
2161,2162,tracker app
2162,2163,tracklets
2163,2164,traffic scenes
2164,2165,transcoding
2165,2166,transcript features
2166,2167,translation
2167,2168,"translation,technology"
2168,2169,transliteration
2169,2170,triplet loss
2170,2171,tweets
2171,2172,twitter
2172,2173,ubisense
2173,2174,ultra-endurance cycling
2174,2175,universal dependencies
2175,2176,unknown words
2176,2177,unsupervised learning
2177,2178,up-training
2178,2179,uplink
2179,2180,urban elements
2180,2181,urban spatial-temporal modelling
2181,2182,usability
2182,2183,usage analysis
2183,2184,user generated content
2184,2185,user interaction
2185,2186,user oriented design
2186,2187,user profile
2187,2188,user study
2188,2189,user-generated content
2189,2190,user2code2vec
2190,2191,vCDN
2191,2192,variable  length  input
2192,2193,variable retrieval effectiveness
2193,2194,vehicular communications
2194,2195,video
2195,2196,video browser showdown
2196,2197,video browsing
2197,2198,video captions
2198,2199,video coding standards
2199,2200,video indexing
2200,2201,video mining
2201,2202,video processing
2202,2203,video quality
2203,2204,video retrieval
2204,2205,video retrieval and evaluation
2205,2206,video search
2206,2207,video searching
2207,2208,video summarisation
2208,2209,video summarization
2209,2210,virtua learning environments
2210,2211,virtual learning environments
2211,2212,virtual reality
2212,2213,visual concept
2213,2214,visual datasets
2214,2215,visual interaction design
2215,2216,visual lifelog
2216,2217,visual saliency
2217,2218,visual sensing
2218,2219,visual speech recognition
2219,2220,visual variation
2220,2221,visualisation
2221,2222,visualization
2222,2223,voice interaction
2223,2224,water level monitoring
2224,2225,water-level estimation
2225,2226,wavelet multiscaling
2226,2227,wavelets
2227,2228,wearable camera.
2228,2229,wearable devices
2229,2230,wearable sensors
2230,2231,wearable wireless
2231,2232,wearables
2232,2233,web 2.0
2233,2234,web mining
2234,2235,weighted graphs
2235,2236,wellbeing
2236,2237,whale optimization algorithm
2237,2238,wireless sensor networks
2238,2239,word
2239,2240,word embeddings
2240,2241,word lattices
2241,2242,workshops
2242,2243,zones
2243,2244,· Educational data mining
2244,2245,étiquettes
2245,2246,İşe alıştırma
2246,2247,• Human-centered computing
