index,Unique_Author,Job_Title
0,A Ahlemeyer-Stubbe,Unkown
1,A Ionita,Unkown
2,A-Kamel Tari,Unkown
3,Aalekhya Nethra,Unkown
4,Aaron Duane,Unkown
5,Aaron Edgeworth,Unkown
6,Aasish Pappu,Unkown
7,Abbas Bagherian Kasgari,Unkown
8,Abdelouaheb Ardjouni,Unkown
9,Abhishek Kaushik,Unkown
10,Abidalrahman Moh’D,Unkown
11,Abigail Walsh,Unkown
12,Adam Jatowt,Unkown
13,Adele Lu Jia,Unkown
14,Ademar Crotti Junior,Unkown
15,Adrian Clark,Unkown
16,Adrian Mihai,Unkown
17,Ae Yilmaz,Unkown
18,Afzad Godil,Unkown
19,Ahcene Djoudi,Unkown
20,Ahmed Abd-Ali Omran,Unkown
21,Ahmed Alateeq,Unkown
22,Ahmed Hassan Awadallah,Unkown
23,Ahu Açıkgöz,Unkown
24,Aidan Fogarty,Unkown
25,Aidan Lawless,Unkown
26,Akshai Ramesh,Unkown
27,Akshay Zalkikar,Unkown
28,Alan F. Smeaton,Professor
29,Alan Meehan,Unkown
30,Alastair Porter,Unkown
31,Alba Garcia Seco De Herrera,Unkown
32,Alba García Seco De Herrera,Unkown
33,Alberto Del Bimbo,Unkown
34,Alberto Poncelas,Unkown
35,Albina Auksoriūtė,Unkown
36,Aleh Tarasau,Unkown
37,Alessandra Mileo,Assistant Professor
38,Alessandra Russo,Unkown
39,Alex Helle,Unkown
40,Alex Murphy,Unkown
41,Alexander Artikis,Unkown
42,Alexander Fraser,Unkown
43,Alexander Hauptmann,Unkown
44,Alexander O’Connor,Unkown
45,Alexandra Birch,Unkown
46,Alexandra Covaci,Unkown
47,Alexandre Sicard,Unkown
48,Ali Ameer Jabor,Unkown
49,Ali Berkane,Unkown
50,Alihan Dogus Yalcin,Unkown
51,Alistair Sutherland,Lecturer
52,Alípio Jorge,Unkown
53,Amal Al-Rasheed,Unkown
54,Amal Alrabiah,Unkown
55,Amanda Hastings,Unkown
56,Amani Alrobai,Unkown
57,Amber Pearson,Unkown
58,Amerah Alghanim,Unkown
59,Aminul Islam,Unkown
60,Amir Amirabadi,Unkown
61,Amir M Ben-Amram,Unkown
62,Amirhossein Aghamohammadi,Unkown
63,Amit Moryossef,Unkown
64,Amruth Hebbasuru Suryanarayana,Unkown
65,Anara Baidzhuranova,Unkown
66,Anastasia Shimorina,Unkown
67,Andoni Azpeitia,Unkown
68,Andre Kåsen,Unkown
69,Andrea Lösch,Unkown
70,Andreas Auinger,Unkown
71,Andreas Hillmann,Unkown
72,Andreas Leibetseder,Unkown
73,Andreea Molnar,Unkown
74,Andrejs Vasiļjevs,Unkown
75,Andrew Delgado,Unkown
76,Andrew McCarren,Assistant Professor
77,André Ft Martins,Unkown
78,Andy Meaney,Unkown
79,Andy Way,Professor
80,Angelika Kimmig,Unkown
81,Anirban Chakraborty,Unkown
82,Anja Belz,Unkown
83,Ann Clifton,Unkown
84,Annalina Caputo,Assistant Professor
85,Anne Delextrat,Unkown
86,Anne Marie Delaney,Unkown
87,Annraoi De Paor,Unkown
88,Antonio Campello,Unkown
89,Antonio Jacob,Unkown
90,Antonio Jimeno Yepes,Unkown
91,António Branco,Unkown
92,Anya Belz,Unkown
93,Aoife Morrin,Unkown
94,Argentina Anna Rescigno,Unkown
95,Arghir Nicolae Moldovan,Unkown
96,Aries Mohammed Es-Salih,Unkown
97,Armbrust,Unkown
98,Armony Altinier,Unkown
99,Artem Bielozorov,Unkown
100,Arvind Ramadurai,Unkown
101,Arwa Alghamdi,Unkown
102,Asad Butt,Unkown
103,Asif Ekbal,Unkown
104,Asma Ben Abacha,Unkown
105,Asma Slaimi,Unkown
106,Aurelie Neveol,Unkown
107,Axel J Soto,Unkown
108,Axel Polleres,Unkown
109,Ayush K Rai,Unkown
110,Ayşe Sönmez,Unkown
111,Azadeh Nazemi,Unkown
112,B Cardiff,Unkown
113,B Thu-Le Pham,Unkown
114,B Woods,Unkown
115,Bachir Messirdi,Unkown
116,Banu Pazar Varol,Unkown
117,Baoquan Chen,Unkown
118,Baptiste Chocot,Unkown
119,Barbara Solenthaler,Unkown
120,Barry Haddow,Unkown
121,Bekbolot Kanetov,Unkown
122,Belhadj Karim,Unkown
123,Ben Carterette,Unkown
124,Ben Kelly,Unkown
125,Benjamin Barry,Unkown
126,Benjamin Bischke,Unkown
127,Benjamin Cowan,Unkown
128,Benjamin D Weedon,Unkown
129,Benjamin David Weedon,Unkown
130,Benoit Huet,Unkown
131,Bernardo Magnini,Unkown
132,Bernd Bohnet,Unkown
133,Bernd Munzer,Unkown
134,Bert Bos,Unkown
135,Bert Gordijn,Unkown
136,Beyza Yaman,Unkown
137,Biagio Lenzitti,Unkown
138,Binh T Nguyen,Unkown
139,Binwoei Choong,Unkown
140,Björn Thór Jónsson,Unkown
141,Björn Þór Jónsson,Unkown
142,Bo Zhang,Unkown
143,Bogdan Ionescu,Unkown
144,Bojan Bozic,Unkown
145,Bolette Sandford Pedersen,Unkown
146,Bora Gunyel,Unkown
147,Borja Anza Porras,Unkown
148,Boudewijn Van Dongen,Unkown
149,Breandán Kerin,Unkown
150,Brendan Heery,Unkown
151,Brian Davis,Assistant Professor
152,Brian McCullagh,Unkown
153,Brian Mccullagh,Unkown
154,Brian Slattery,Unkown
155,Brona Furlong,Unkown
156,Brona Kehoe,Unkown
157,Bronagh McGrane,Unkown
158,Bronagh Mcgrane,Unkown
159,Bryan Cullen,Unkown
160,Bryan Tyrrell,Unkown
161,Bróna Kehoe,Unkown
162,Bud Bruegger,Unkown
163,Bénédicte Bucher,Unkown
164,C Neil,Unkown
165,C Ni Mhurchu,Unkown
166,C Seifert,Unkown
167,C Smyth,Unkown
168,Cagdas Usfekes,Unkown
169,Camilla Sanvitto,Unkown
170,Can Koral Adalı,Unkown
171,Carl Vogel,Unkown
172,Carlos Cuevas,Unkown
173,Carlos Roberto Del Blanco,Unkown
174,Carlos Sc Teixeira,Unkown
175,Carol Daly,Unkown
176,Catarina Silva,Unkown
177,Cathal Gurrin,Associate Professor
178,Catherine N Moran,Unkown
179,Catherine Woods,Unkown
180,Celia Rico,Unkown
181,Chang-Hwan Choi,Unkown
182,Chao-Hong Liu,Unkown
183,Charlie Daly,Lecturer
184,Cheng Liu,Unkown
185,Chenyang Lyu,Unkown
186,Chi-Kiu Lo,Unkown
187,Ching Y Suen,Unkown
188,Christian Dirschl,Unkown
189,Christian Federmann,Unkown
190,Christian Hardmeier,Unkown
191,Christina B Azodi,Unkown
192,Christina McKerchar,Unkown
193,Christina Mckerchar,Unkown
194,Christof Monz,Unkown
195,Christoph M Friedrich,Unkown
196,Christoph Prinz,Unkown
197,Christophe Debruyne,Unkown
198,Christos Filelis Papadopoulo,Unkown
199,Chuan Liu,Unkown
200,Chuanlin Lan,Unkown
201,Chuanyang Zheng,Unkown
202,Ciara McCormack,Unkown
203,Claire M Timon,Unkown
204,Claire Tansey,Unkown
205,Claire-Hélène Demarty,Unkown
206,Cleona Gray,Unkown
207,Cliona Ni Mhurchu,Unkown
208,Colette Real,Unkown
209,Cong Liu,Unkown
210,Cong Shi,Unkown
211,Congcong Xing,Unkown
212,Connie L Moore,Unkown
213,Connor Mulready,Unkown
214,Cristina Muntean,Unkown
215,Cvetana Krstev,Unkown
216,Cynthia Chen,Unkown
217,Cyril Messaraa,Unkown
218,D Kogias,Unkown
219,D Phung,Unkown
220,D-T Dang-Nguyen,Unkown
221,Dag Schmidtke,Unkown
222,Dagmar Gromann,Unkown
223,Damian Martin,Unkown
224,Damien Kearney,Unkown
225,Dan Tufiş,Unkown
226,Dana D Sheridan,Unkown
227,Daniel Mora,Unkown
228,Daniel Stein,Unkown
229,Daniel Torregrosa,Unkown
230,Daniel Turner,Unkown
231,Danielle Powell,Unkown
232,Daria Dzendzik,Unkown
233,Darragh O'Brien,Lecturer
234,David Azcona,Unkown
235,David Hanley,Unkown
236,David Hickey,Unkown
237,David Kilroy,Unkown
238,David P McGovern,Unkown
239,David P Mcgovern,Unkown
240,David Perez,Unkown
241,David Raffo,Unkown
242,David Sinclair,Associate Professor
243,Davide Maltoni,Unkown
244,Davide Taibi,Unkown
245,Dawen Xu,Unkown
246,Dean Lynch,Unkown
247,Debasis Ganguly,Unkown
248,Debdoot Sheet,Unkown
249,Declan Gamble,Unkown
250,Declan Groves,Unkown
251,Declan Moore,Unkown
252,Declan O’Sullivan,Unkown
253,Deirdre O’Shea,Unkown
254,Di Wang,Unkown
255,Di Xie,Unkown
256,Dian Zhang,Unkown
257,Diana Bogusevschi,Unkown
258,Diane T Rover,Unkown
259,Dick Epema,Unkown
260,Diego Ortego,Unkown
261,Dien H Le,Unkown
262,Dietmar Nedbal,Unkown
263,Dimitar Shterionov,Assistant Professor
264,Dimitra Anastasiou,Unkown
265,Dimitri Fichou,Unkown
266,Dimitrios Tzovaras,Unkown
267,Dina Demner-Fushman,Unkown
268,Dinara Kanetova,Unkown
269,Dingwen Tao,Unkown
270,Dinh V Cuong,Unkown
271,Dipasree Pal,Unkown
272,Dirk Werth,Unkown
273,Dongyun Nie,Teaching Assistant
274,Doria Affane,Unkown
275,Douglas Cirqueira,Unkown
276,Duc Tien Dang Nguyen,Unkown
277,Duc-Tien Dang Nguyen,Unkown
278,Duran Türkoğlu,Unkown
279,Duvindu Piyasena,Unkown
280,Dwaipayan Roy,Unkown
281,Dzmitri Klimuk,Unkown
282,Dónal Fitzpatrick,Lecturer
283,E Tuzun,Unkown
284,Eamonn Clinton,Unkown
285,Edward Bergman,Unkown
286,Edward Meade,Unkown
287,Ehud Reiter,Unkown
288,Eiríkur Rögnvaldsson,Unkown
289,Ekrem Savaş,Unkown
290,Elena Alvarado,Unkown
291,Elimhan Mahmudov,Unkown
292,Elio Hbeich,Unkown
293,Eliot Godard,Unkown
294,Elisson Da Silva Rocha,Unkown
295,Elmar Kiesling,Unkown
296,Emer Duffy,Unkown
297,Emily Bolger,Unkown
298,Emin Durmishi,Unkown
299,Emma O’Keeffe,Unkown
300,Enric Moreu,Unkown
301,Eoin Brophy,Unkown
302,Eoin Cartwright,Unkown
303,Eray Tuzun,Unkown
304,Ergina Kavallieratou,Unkown
305,Eric Arazo Sanchez,Unkown
306,Eric Joanis,Unkown
307,Eric Paquin,Unkown
308,Erwin Folmer,Unkown
309,Esra Dalan Yıldırım,Unkown
310,Esraa Ali,Unkown
311,Estella Oncins,Unkown
312,Eva Ibarrola,Unkown
313,Eva Martínez Garcia,Unkown
314,Eva Schlehahn,Unkown
315,Eva Vanmassenhove,Unkown
316,Evangelos E Milios,Unkown
317,Fabio Lobato,Unkown
318,Fabrizio Riguzzi,Unkown
319,Faiyaz Doctor,Unkown
320,Fajar J Ekaputra,Unkown
321,Falk Würriehausen,Unkown
322,Fan Feng,Unkown
323,Fatih Yılmaz,Unkown
324,Faycal Bouchelaghem,Unkown
325,Federico Gaspari,Unkown
326,Feiyan Hu,Unkown
327,Felix Do Carmo,Unkown
328,Feng Shi,Unkown
329,Fergal McCaffery,Unkown
330,Ferhat Esenbel,Unkown
331,Fernando Almeida,Unkown
332,Fernando Kuipers,Unkown
333,Fethi Bougares,Unkown
334,Finian Buckley,Unkown
335,Fiona Dermody,Unkown
336,Fiona Regan,Unkown
337,Fiona Skelly,Unkown
338,Florian Metze,Unkown
339,Francesca Lisi,Unkown
340,Francesco Ricca,Unkown
341,Francisco M Couto,Unkown
342,Francois Pitie,Unkown
343,Frank Griesinger,Unkown
344,Frank Hopfgartner,Unkown
345,François Pitie,Unkown
346,François Yvon,Unkown
347,Gabriela Magureanu,Unkown
348,Gabriele Graffieti,Unkown
349,Gabriella Pasi,Unkown
350,Gabrielle Ls Jenkin,Unkown
351,Gaetano Rossiello,Unkown
352,Gareth Jones,Professor
353,Gaurav Negi,Unkown
354,Gauti Kristmannsson,Unkown
355,Gema Ramirez-Sanchez,Unkown
356,Geoff Hamilton,Associate Professor
357,Georg Rehm,Unkown
358,George A Gravvanis,Unkown
359,George Awad,Unkown
360,Georges Quenot,Unkown
361,Georges Quénot,Unkown
362,Geraldine Boylan,Unkown
363,Gerard Mc Mahon,Unkown
364,Gerhard Backfried,Unkown
365,Gerhard Budin,Unkown
366,Gerhard Friedrich,Unkown
367,German I Parisi,Unkown
368,Gheorghita Ghinea,Unkown
369,Gideon Maillette De Buy Wenniger,Unkown
370,Giosuè Lo Bosco,Unkown
371,Giovanni Semeraro,Unkown
372,Giovanni Stilo,Unkown
373,Gj Jones,Unkown
374,Gm Venkatesh,Unkown
375,Gorka Labaka Intxauspe,Unkown
376,Graham Healy,Assistant Professor
377,Graham Healy Akanksha Rajpute,Unkown
378,Greta Warren,Unkown
379,Grigoris Antoniou,Unkown
380,Grzegorz Terlikowski,Unkown
381,Guillaume Cabanac,Unkown
382,Guixian Xu,Unkown
383,Gunyel Bora Dinc Hakan,Unkown
384,Guodong Xie,Unkown
385,Gustavo De Los Campos,Unkown
386,Guto Leoni Santos,Unkown
387,Gülseren Çiçek,Unkown
388,Gültekin Cakir,Unkown
389,Hadil Shaiba,Unkown
390,Hai Hu,Unkown
391,Hai-Dang Nguyen,Unkown
392,Haijun Wang,Unkown
393,Haithem Afli,Unkown
394,Haiying Shen,Unkown
395,Hakan Dinc,Unkown
396,Hakan Şahin,Unkown
397,Hala Mulki,Unkown
398,Halimah Badioze Zaman,Unkown
399,Hamdy A El-Metwally,Unkown
400,Hamed Bonab,Unkown
401,Hamsini Ketheswarasarma Rajaram,Unkown
402,Hamza Riaz,Unkown
403,Hanadi Alhamdan,Unkown
404,Hanwang Zhang,Unkown
405,Hao Wu,Unkown
406,Haoda Feng,Unkown
407,Haolin Wei,Unkown
408,Haree Jeyaram,Unkown
409,Harshal Chaudhari,Unkown
410,Hatem Haddad,Unkown
411,Hayley Hung,Unkown
412,Hazal Ipek Kahraman,Unkown
413,Heather J. Ruskin,Professor
414,Heechul Bae,Unkown
415,Heidi Johansen-Berg,Unkown
416,Heike Vornhagen,Unkown
417,Helen Dawes,Unkown
418,Helen McHugh,Unkown
419,Helen Mchugh,Unkown
420,Heng Ji,Unkown
421,Henning Muller,Unkown
422,Henry Elder,Unkown
423,Henry Gorelick,Unkown
424,Hervé Pusset,Unkown
425,Heybetkulu Mustafayev,Unkown
426,Hideo Joho,Unkown
427,Himanshu Vashisht,Unkown
428,Hoang-Anh Le,Unkown
429,Hoang-Phuc Trang-Trung,Unkown
430,Hoda Abdelhafez,Unkown
431,Hongbo Liu,Unkown
432,Hongmei Chi,Unkown
433,Houssem Chatbri,Unkown
434,Hrafn Loftsson,Unkown
435,Hua Duan,Unkown
436,Hua Wang,Unkown
437,Huawei Li,Unkown
438,Husnu S Narman,Unkown
439,Huu-Duc Trinh,Unkown
440,Hyonyoung Han,Unkown
441,Hyowon Lee,Unkown
442,Hélène Amièva,Unkown
443,Hülya Duru,Unkown
444,Hürmet Fulya Akız,Unkown
445,Hüseyin Çakallı,Unkown
446,I Peterfi,Unkown
447,I-Han Hsiao,Unkown
448,Iacer Calixto,Unkown
449,Ian Robertson,Unkown
450,Igor Steinmacher,Unkown
451,Ilaria Tiddi,Unkown
452,Ilias Tachmazidis,Unkown
453,Ingo Frommholz,Unkown
454,Inguna Skadiņa,Unkown
455,Ioan-Sorin Comşa,Unkown
456,Ioannis Kompatsiaris,Unkown
457,Irina Tal,Assistant Professor
458,Irmak Angun,Unkown
459,Ishak Altun,Unkown
460,Ismail Babaoglu,Unkown
461,Issa Khalifeh,Unkown
462,Ivanovitch Silva,Unkown
463,Iñaki Alegría Loinaz,Unkown
464,J Lawton,Unkown
465,J Pandit Harshvardhan,Unkown
466,J Zhou,Unkown
467,J.,Unkown
468,Jagadeeswaran Thangaraj,Teaching Assistant
469,Jaime B Fernandez,Unkown
470,Jake Grogan,Unkown
471,Jakub Lokoč,Unkown
472,Jakub Lokoš,Unkown
473,James Barry,Unkown
474,James Byrne,Unkown
475,James Hadley,Unkown
476,James McDermott,Unkown
477,James Mcdermott,Unkown
478,James Power,Unkown
479,James Stanley,Unkown
480,Jan Buts,Unkown
481,Jan Hajič,Unkown
482,Jan Odijk,Unkown
483,Jane Dunne,Unkown
484,Jane Horgan,Unkown
485,Jane Kernan,Lecturer
486,Janet Hoek,Unkown
487,Javier D Fernández,Unkown
488,Jeffrey Liu,Unkown
489,Jemil Gambo,Unkown
490,Jennifer Foster,Lecturer
491,Jenny Benois-Pineau,Unkown
492,Jens Ducree,Unkown
493,Jeremy Debattista,Unkown
494,Jesse Zhang,Unkown
495,Jia Jia,Unkown
496,Jian Tang,Unkown
497,Jiang Zhou,Unkown
498,Jianquan Liu,Unkown
499,Jianwen Wu,Unkown
500,Jinhua Du,Unkown
501,Jinwei Liu,Unkown
502,Jiujun Cheng,Unkown
503,Joachim Köhler,Unkown
504,Joachim Wagner,Unkown
505,Joanne Pm Kenney,Unkown
506,Joeran Beel,Unkown
507,Joey Liu,Unkown
508,Johan Lukkien,Unkown
509,Johann Issartel,Unkown
510,Johanna Monti,Unkown
511,John Garrigan,Unkown
512,John Kelleher,Unkown
513,John Loane,Unkown
514,John Murphy,Unkown
515,John Roberto,Unkown
516,John Tinsley,Unkown
517,John V Ringwood,Unkown
518,Johnny Wei,Unkown
519,Jon Arild Olsen,Unkown
520,Jon Chamberlain,Unkown
521,Jonathan Bradley,Unkown
522,Jonathan Fiscus,Unkown
523,Jordan Calandre,Unkown
524,Joris Vreeke,Unkown
525,Josef Van Genabith,Unkown
526,Joseph Antony,Unkown
527,Joseph Kehoe,Unkown
528,Josephine Andrews,Unkown
529,Joshua Grundy,Unkown
530,Joss Moorkens,Unkown
531,José Luis Fonseca,Unkown
532,José Manuel Gómez Pérez,Unkown
533,Judie Attard,Unkown
534,Julie Middleton,Unkown
535,Jun-Ki Kim,Unkown
536,Junli Liang,Unkown
537,Jurgen Mulsow,Unkown
538,Jussi Karlgren,Unkown
539,Jörg Domaschka,Unkown
540,Jörg Niemann,Unkown
541,K Ball,Unkown
542,K Wittek,Unkown
543,Kadri Vider,Unkown
544,Kai Bergmann,Unkown
545,Kai Liu,Unkown
546,Kalina Bontcheva,Unkown
547,Kamal Kumar Gupta,Unkown
548,Kanishk Verma,Unkown
549,Karen Young,Unkown
550,Karin Verspoor,Unkown
551,Katrin Marheinecke,Unkown
552,Kaushik Venkataraman,Unkown
553,Keith Cortis,Unkown
554,Keith Curtis,Unkown
555,Kenny Mitchell,Unkown
556,Kepa Sarasola,Unkown
557,Kevin Casey,Unkown
558,Kevin D O’Brien,Unkown
559,Kevin McGuinness,Unkown
560,Kevin Thompson,Unkown
561,Khalid Choukri,Unkown
562,Khanh Nguyen,Unkown
563,Kheireddine Biroud,Unkown
564,Kieran Daly,Unkown
565,Kieran Dowd,Unkown
566,Kirils Sloka,Unkown
567,Klaus Schoeffmann,Unkown
568,Kn Manasa,Unkown
569,Koenraad De Smedt,Unkown
570,Koji Zettsu,Unkown
571,Konstantinos Karampidis,Unkown
572,Konstantinos M Giannoutakis,Unkown
573,Kouzi Xing,Unkown
574,Kripabandhu Ghosh,Unkown
575,Krister Lindén,Unkown
576,Kristian McGlinn,Unkown
577,Kristian Mcglinn,Unkown
578,Kweon Woo Jung,Unkown
579,Kyrylo Khaletskyy,Unkown
580,L Smith,Unkown
581,L Zhang,Unkown
582,Lama Alaskar,Unkown
583,Lambert Schomaker,Unkown
584,Lara Kelly,Unkown
585,Laura Cabrera Quiros,Unkown
586,Laura Christina Galea,Unkown
587,Laure Le Bars,Unkown
588,Lauri Tuovinen,Unkown
589,Le Tu-Khiem,Unkown
590,Lee Rooney,Unkown
591,Lei Zhang,Unkown
592,Leo Wanner,Unkown
593,Leslie Daly,Unkown
594,Lexi Rowland,Unkown
595,Liadh Kelly,Unkown
596,Liang Ma,Unkown
597,Liangyou Li,Unkown
598,Lifeng Han,Unkown
599,Liguang Zhou,Unkown
600,Liguo Huang,Unkown
601,Lili Zhang,Unkown
602,Lin Yang,Unkown
603,Linardos Panagiotis,Unkown
604,Liqiang Nie,Unkown
605,Lisa K Kenyon,Unkown
606,Lisa Loughney,Unkown
607,Lisa Van Der Werff,Unkown
608,Liting Zhou,Unkown
609,Liu Qun,Unkown
610,Liviu Daniel Stefan,Unkown
611,Liviu Daniel Ştefan,Unkown
612,Ljubi Kocinac,Unkown
613,Ln Signal,Unkown
614,Long Cheng,Assistant Professor
615,Longhao Zou,Unkown
616,Lorenzo Pellegrini,Unkown
617,Lorin Sweeney,Unkown
618,Lorraine Boran,Unkown
619,Lorraine Goeuriot,Unkown
620,Lorraine McNerney,Unkown
621,Lorraine Mcnerney,Unkown
622,Louis-Philippe Morency,Unkown
623,Loïc Barrault,Unkown
624,Luc Meertens,Unkown
625,Luca Piras,Unkown
626,Luca Rossetto,Unkown
627,Lucas Piras,Unkown
628,Lucy McKenna,Unkown
629,Lucy Mckenna,Unkown
630,Ludovico Boratto,Unkown
631,Luiz Affonso Guedes,Unkown
632,Luka Murn,Unkown
633,Lukas Diduch,Unkown
634,Luís Gomes,Unkown
635,Ly-Duyen Tran,Unkown
636,M Al-Kaff,Unkown
637,M Denizci Nazligul,Unkown
638,M Eduardo Ares,Unkown
639,M Etzrodt,Unkown
640,M Ewald,Unkown
641,M Marcelo Cavalanti,Unkown
642,M Rogerson,Unkown
643,M Smith,Unkown
644,M-Tahar Kechadi,Unkown
645,M.,Unkown
646,Ma Gozcu,Unkown
647,Maarten De Vos,Unkown
648,Maciej Ogrodniczuk,Unkown
649,Maedeh Mansoubi,Unkown
650,Magdalena Biesialska,Unkown
651,Mahnaz Arvaneh,Unkown
652,Mai Alduailij,Unkown
653,Mai-Khiem Tran,Unkown
654,Mairéad Cantwell,Unkown
655,Maite Melero,Unkown
656,Maja Popovic,Unkown
657,Makoto Morishita,Unkown
658,Malika Bendechache,Assistant Professor
659,Mandar Mitra,Unkown
660,Manel Zarrouk,Unkown
661,Manh-Duy Nguyen,Unkown
662,Manisha Verma,Unkown
663,Manuel Herranz,Unkown
664,Marc Gorriz Blanch,Unkown
665,Marc Gorrizblanch,Unkown
666,Marc Górriz,Unkown
667,Marcis Pinnis,Unkown
668,Marco Alfano,Unkown
669,Marco Maratea,Unkown
670,Marco Polignano,Unkown
671,Marco Turchi,Unkown
672,Marcos Zampieri,Unkown
673,Marek Mazur,Unkown
674,Margaret Farren,Unkown
675,Maria Cabral,Unkown
676,Maria Eskevich,Unkown
677,Maria Gavriilidou,Unkown
678,Maria O’Neil,Unkown
679,Mariana Neves,Unkown
680,Marie-Francine Moens,Unkown
681,Marija Bezbradica,Assistant Professor
682,Marija Brkic,Unkown
683,Marilena Bratu,Unkown
684,Marina Purgina,Unkown
685,Mario Macías,Unkown
686,Marion Pech,Unkown
687,Mark Fishel,Unkown
688,Mark Lizar,Unkown
689,Mark Marsden,Unkown
690,Mark Roantree,Professor
691,Mark Sanderson,Unkown
692,Marko Tadić,Unkown
693,Markus Gross,Unkown
694,Markus Helfert,Unkown
695,Markus Hofer,Unkown
696,Marlon Oliveira,Unkown
697,Marta Mrak,Unkown
698,Marta R Costa-Jussa,Unkown
699,Marta R Costa-Jussà,Unkown
700,Martha Larson,Unkown
701,Martin Crane,Associate Professor
702,Martin Etzrodt,Unkown
703,Martynas Urbanavicius,Unkown
704,Marwa Almasoud,Unkown
705,Mary Sánchez‐Gordón,Unkown
706,Maryam Basereh,Unkown
707,Maryam Naseri,Unkown
708,Masaaki Nagata,Unkown
709,Mathias Lux,Unkown
710,Mathias Müller,Unkown
711,Matt Post,Unkown
712,Matt Spencer,Unkown
713,Matteo Negri,Unkown
714,Matthew Gwilliam,Unkown
715,Matthew Nicholson,Unkown
716,Matthew Tretter,Unkown
717,Matthias Huck,Unkown
718,Max Gravitt,Unkown
719,Max Grosse,Unkown
720,Maxim Mozgovoy,Unkown
721,Małgorzata Gutowska,Unkown
722,Mb Barr,Unkown
723,Meerim Zhanakunova,Unkown
724,Meghan Dowling,Unkown
725,Mehmet Kosa,Unkown
726,Mehvish Rashid,Unkown
727,Meiqing Wu,Unkown
728,Meltem Sertbaş,Unkown
729,Mengchu Zhou,Unkown
730,Mersedeh Kooshki Forooshani,Unkown
731,Messnarz,Unkown
732,Michael Dowling,Unkown
733,Michael Harrison,Unkown
734,Michael J Maher,Unkown
735,Michael Keane,Unkown
736,Michael Riegler,Unkown
737,Michael Scriney,Assistant Professor
738,Michael Tynes,Unkown
739,Michela Bertolotto,Unkown
740,Michele Zorzi,Unkown
741,Mihael Arcan,Unkown
742,Mihai Dogariu,Unkown
743,Mihai Gabriel Constantin,Unkown
744,Mike Rosner,Unkown
745,Mikel Forcada,Unkown
746,Milan Redžić,Unkown
747,Mina Fazel,Unkown
748,Minas Spanopoulos-Karalexidis,Unkown
749,Ming Chen,Unkown
750,Mingming Liu,Unkown
751,Minh Triet Tran,Unkown
752,Minh-Huy Nguyen-Ngoc,Unkown
753,Minh-Son Dao,Unkown
754,Mirko Marras,Unkown
755,Mohamed Belhout,Unkown
756,Mohammad Aboomar,Unkown
757,Mohammad Hasanuzzaman,Unkown
758,Mohammad Nazir Ahmad,Unkown
759,Mohammad Reza Motallebi,Unkown
760,Mohammad Z Anjum,Unkown
761,Mohammed Aljunid,Unkown
762,Mohammed Derhab,Unkown
763,Mohammed Khalil Alijel,Unkown
764,Mohammed Saeed Jawad,Unkown
765,Mohd Nizam Ab Rahman,Unkown
766,Monica Ward,Lecturer
767,Monika Solanki,Unkown
768,Morten Irgens,Unkown
769,Mostafa Bayomi,Unkown
770,Mourad Gridach,Unkown
771,Muhammad Intizar Ali,Unkown
772,Murat YILMAZ,Unkown
773,Murat Yilmaz,Assistant Professor
774,Murhaf Hossari,Unkown
775,Musfira Jilani,Assistant Professor
776,Mustapha Fateh Yarou,Unkown
777,N Loughney,Unkown
778,N McCaffrey,Unkown
779,N Mccaffrey,Unkown
780,N Wittek,Unkown
781,Nam H Trinh,Unkown
782,Nam Trinh,Unkown
783,Nancy Mayo,Unkown
784,Narciso Garcia,Unkown
785,Naresh Yarlapati,Unkown
786,Naresh Yg,Unkown
787,Natalia Duda,Unkown
788,Natália Resende,Unkown
789,Navaneethan Rajasekaren,Unkown
790,Naveen Garaga Krishnamurthy,Unkown
791,Nazlena Mohamad Ali,Unkown
792,Neelesh B Mehta,Unkown
793,Neha Srivatsa,Unkown
794,Nesib Tekin,Unkown
795,Ngoc-Thanh Nguyen,Unkown
796,Nguyen Thanh Binh,Unkown
797,Nguyen-Hien Tran,Unkown
798,Nhu T Nguyen,Unkown
799,Niall Lyons,Unkown
800,Niall Moyna,Unkown
801,Niall Walsh,Unkown
802,Niamh Morris,Unkown
803,Nicholas J Belkin,Unkown
804,Nick McDonald,Unkown
805,Nick Mcdonald,Unkown
806,Nicola Leone,Unkown
807,Niemann,Unkown
808,Nihar Sudhanshu Limaye,Unkown
809,Nikita Shekutkovski,Unkown
810,Nikola Ljubesic,Unkown
811,Nikos Vasillopoulos,Unkown
812,Niloofar Tavakolian,Unkown
813,Ninh Van-Tu,Unkown
814,Noel McCaffrey,Unkown
815,Noel Mccaffrey,Unkown
816,Noel Murphy,Unkown
817,Noel O’Conner,Unkown
818,Noel O’Connor,Unkown
819,Noriko Kando,Unkown
820,Nour El Mawas,Unkown
821,Núria Bel,Unkown
822,O Salvetti,Unkown
823,O.,Unkown
824,Obioma Pelka,Unkown
825,Oishin Smith,Unkown
826,Ondrej Bojar,Unkown
827,Osman Mucuk,Unkown
828,Ove Armbrust,Unkown
829,Owen Conlan,Unkown
830,Owen Corrigan,Unkown
831,P L Halvorsen,Unkown
832,P Perner,Unkown
833,P Sandhya,Unkown
834,Pablo Redondo,Unkown
835,Paco Guzman,Unkown
836,Padraig Corcoran,Unkown
837,Pal Halvorsen,Unkown
838,Paolo Bolzoni,Unkown
839,Paolo Cappellari,Unkown
840,Paolo Tell,Unkown
841,Paraic Sheridan,Unkown
842,Pascal Faurie,Unkown
843,Pasquale Di Donato,Unkown
844,Patricia Fonseca,Unkown
845,Patricia Takako Endo,Unkown
846,Patrick Esser,Unkown
847,Patrick Gatellier,Unkown
848,Paul Brie,Unkown
849,Paul Fodor,Unkown
850,Paul Lukowicz,Unkown
851,Paul M Dockree,Unkown
852,Paul M. Clarke,Assistant Professor
853,Paul Ryan,Unkown
854,Pauline McCormack,Unkown
855,Pauline Mccormack,Unkown
856,Paulo Vale,Unkown
857,Peijian Zhao,Unkown
858,Peijiang Zhao,Unkown
859,Per Bergamin,Unkown
860,Periklis Chatzimisios,Unkown
861,Peter Elger,Unkown
862,Peter Kearney,Unkown
863,Peter Novitzky,Unkown
864,Petra Bago,Unkown
865,Petra Perner,Unkown
866,Philip Kelly,Unkown
867,Philipp Koehn,Unkown
868,Philipp Mayr,Unkown
869,Philipp Slusallek,Unkown
870,Phong Huynh,Unkown
871,Phuc H Le-Khac,Unkown
872,Pierangelo Rosati,Unkown
873,Piergiorgio Salvan,Unkown
874,Pierluigi Cassotti,Unkown
875,Pierpaolo Basile,Unkown
876,Pilar Sánchez-Gijón,Unkown
877,Pinar Orgun,Unkown
878,Pintu Lohar,Unkown
879,Piyush Arora,Unkown
880,Plamen Petkov,Unkown
881,Prashant Nayak,Unkown
882,Prashanth Nayak,Unkown
883,Procheta Sen,Unkown
884,Pushpak Bhattacharyya,Unkown
885,Pål Halvorsen,Unkown
886,Qi Liu,Unkown
887,Qi She,Unkown
888,Qianling Zhou,Unkown
889,Qiaoyong Zhong,Unkown
890,Qihan Yang,Unkown
891,Qingsong Ma,Unkown
892,Qingtian Zeng,Unkown
893,Qingzhi Liu,Unkown
894,Quoc-Cuong Tran,Unkown
895,Quy H Nguyen,Unkown
896,R Maddison,Unkown
897,R.,Unkown
898,R. Yilmaz,Unkown
899,Radovan Garabík,Unkown
900,Raf Buyle,Unkown
901,Raghvendra Pratap Singh,Unkown
902,Rajen Chatterjee,Unkown
903,Rajneesh Sharma,Unkown
904,Rami Albatal,Unkown
905,Ramin Ranjbarzadeh,Unkown
906,Ramneesh Vaidyambath,Unkown
907,Ramon Sanabria,Unkown
908,Ramona Trestian,Unkown
909,Rashmi Gupta,Unkown
910,Rashmiranjan Das,Unkown
911,Raul Berari,Unkown
912,Ravi Kuber,Unkown
913,Rawan Alamro,Unkown
914,Ray Walshe,Assistant Professor
915,Reem Bin-Hezam,Unkown
916,Regina Hebig,Unkown
917,Rejwanul Haque,Unkown
918,Renaat Verbruggen,Lecturer
919,Renan Alves,Unkown
920,Renaud Péteri,Unkown
921,Rezvaneh Rezapour,Unkown
922,Ricardo Alonso Maturana,Unkown
923,Ricardo Britto,Unkown
924,Ricardo Campos,Unkown
925,Ricardo Colomo Palacios,Unkown
926,Richard McCann,Unkown
927,Richard Mccann,Unkown
928,Richard Messnarz,Unkown
929,Rico Sennrich,Unkown
930,Rigo Wenning,Unkown
931,Riham Alsmariy,Unkown
932,Rita O’Connor,Unkown
933,Rob Brennan,Assistant Professor
934,Robert Burke,Unkown
935,Robert Zimmermann,Unkown
936,Robin Harte,Unkown
937,Rodrigo V Asem,Unkown
938,Roghaiyeh Gachpaz Hamed,Unkown
939,Roman Grundkiewicz,Unkown
940,Ronan Cahill,Unkown
941,Ronan P Murphy,Unkown
942,Roosa Rosti,Unkown
943,Rory O’Connor,Unkown
944,Rosa Hm Chan,Unkown
945,Rosie Jones,Unkown
946,Rossella Varvara,Unkown
947,Ruben Branco,Unkown
948,Rui Neto,Unkown
949,Rukiye Savran Kiziltepe,Unkown
950,Ryen W White,Unkown
951,Rónán Ó Grálaigh,Unkown
952,S Bartling,Unkown
953,S Cartledge,Unkown
954,S Colatino,Unkown
955,S Little,Unkown
956,S Posth,Unkown
957,Sabrina Kirrane,Unkown
958,Sadid A Hasan,Unkown
959,Saeid Jafarzadeh Ghoushchi,Unkown
960,Sandra Kuebler,Unkown
961,Sandra Sanchez‐Gordon,Unkown
962,Sandra-Carina Noble,Unkown
963,Santanu Bhattacharjee,Unkown
964,Santanu Pal,Unkown
965,Saptarshi Ghosh,Unkown
966,Sara Alshaya,Unkown
967,Sarah J Hardcastle,Unkown
968,Sarah M Kelly,Unkown
969,Sarahjane Belton,Unkown
970,Sasha Schriber,Unkown
971,Sathursan Kanagarajah,Unkown
972,Saverio Blasi,Unkown
973,Saverio Giovanni Blasi,Unkown
974,Seamus Lawless,Unkown
975,Seamus McLoone,Unkown
976,Seamus Mcloone,Unkown
977,Sean Cunningham,Unkown
978,Sean Gaine,Unkown
979,Sean J O’Neill,Unkown
980,Sean Quinn,Unkown
981,Senthilkumaran Ulaganathan,Unkown
982,Serap Demir,Unkown
983,Serdar Tasel,Unkown
984,Serge Kozlovski,Unkown
985,Sergej Svorobej,Unkown
986,Sergio Greco,Unkown
987,Sergio Velastin,Unkown
988,Shane Malone,Unkown
989,Shanzhi Chen,Unkown
990,Shawn Joshi,Unkown
991,Sheila Castilho,Unkown
992,Shervin Malmasi,Unkown
993,Shih-Fu Chang,Unkown
994,Shiliang Pu,Unkown
995,Shin-Han Shiu,Unkown
996,Shirin Khaki,Unkown
997,Shoji Nishimura,Unkown
998,Shokofeh Anari,Unkown
999,Shubham Agarwal,Unkown
1000,Siew-Kei Lam,Unkown
1001,Silvana Togneri Mac Mahon,Assistant Professor
1002,Silvano Ramos De Assis Neto,Unkown
1003,Simon Caton,Unkown
1004,Simon Krek,Unkown
1005,Simon Mille,Unkown
1006,Simon Steyskal,Unkown
1007,Simranjeet Singh,Unkown
1008,Sinead Sheridan,Unkown
1009,Sinead Smyth,Unkown
1010,Siobhan Corrigan,Unkown
1011,Smail Kelaiaia,Unkown
1012,Sohyeon Jeong,Unkown
1013,Somesh Kumar,Unkown
1014,Son Huynh,Unkown
1015,Son P Nguyen,Unkown
1016,Soonyong Song,Unkown
1017,Sorin Sav,Unkown
1018,Soroush Baseri Saadi,Unkown
1019,Spyros Kotoulas,Unkown
1020,Sravana Reddy,Unkown
1021,Stanley Sutton,Unkown
1022,Stefan Decker,Unkown
1023,Stefan Kennedy,Unkown
1024,Stefania Marrara,Unkown
1025,Stefanie Hegele,Unkown
1026,Stefano Faralli,Unkown
1027,Stefanos Vrochidis,Unkown
1028,Steinþór Steingrímsson,Unkown
1029,Stelios Piperidis,Unkown
1030,Stephane Clinchant,Unkown
1031,Stephen Hs Wong,Unkown
1032,Stephen Wade,Unkown
1033,Steve Kemp,Unkown
1034,Steven Alexander Hicks,Unkown
1035,Suad Almutairi,Unkown
1036,Sudip Vhaduri,Unkown
1037,Sukanta Sen,Unkown
1038,Sumit Bhatia,Unkown
1039,Susan Hegarty,Unkown
1040,Sutton S. M. Jr. Hebig,Unkown
1041,Suwen Gu,Unkown
1042,Suzanne Considine,Unkown
1043,Suzanne Johannes,Unkown
1044,Suzanne Little,Associate Professor
1045,Suzanne McCarthy,Unkown
1046,Suzanne Mccarthy,Unkown
1047,Svetla Koeva,Unkown
1048,Swathikiran Srungavarapu,Unkown
1049,Sérgio Nunes,Unkown
1050,Sönke Bartling,Unkown
1051,T Harrington,Unkown
1052,T Paixão,Unkown
1053,T-K Le,Unkown
1054,Tada Terutoshi,Unkown
1055,Tadhg Nagle,Unkown
1056,Taja Yaying,Unkown
1057,Takashi Noiri,Unkown
1058,Takfarinas Saber,Unkown
1059,Tamás Váradi,Unkown
1060,Tane Vergili,Unkown
1061,Tanir Ozcelebi,Unkown
1062,Tanmoy Chakraborty,Unkown
1063,Tejal Nijai,Unkown
1064,Teresa Lynn,Unkown
1065,Tewfik Khedim,Unkown
1066,Thanh-An Nguyen,Unkown
1067,Thao-Nhu Nguyen,Unkown
1068,Theo Lynn,Unkown
1069,Thiago Castro Ferreira,Unkown
1070,Thierry Etchegoyhen,Unkown
1071,Thinhinane Yebda,Unkown
1072,Thomas Wassenaar,Unkown
1073,Thu-Le Pham,Unkown
1074,Thuy T Pham,Unkown
1075,Tianbo Ji,Unkown
1076,Tim Chambers,Unkown
1077,Timothy K Shih,Unkown
1078,Tin Lun Lam,Unkown
1079,Tkr Singh,Unkown
1080,Tobias Daudert,Unkown
1081,Tom Kocmi,Unkown
1082,Tomas Ward,Professor
1083,Tommaso Caselli,Unkown
1084,Tomohiro Sato,Unkown
1085,Tomás E. Ward,Unkown
1086,Tomás Harrington,Unkown
1087,Tony O’Dowd,Unkown
1088,Toshiaki Nakazawa,Unkown
1089,Trong-Le Do,Unkown
1090,Tu-Ninh Van,Unkown
1091,Tunçar Şahan,Unkown
1092,Türker Özsarı,Unkown
1093,Ulas Gulec,Unkown
1094,Ulaş Güleç,Unkown
1095,Ulukbek Saktanov,Unkown
1096,Uyen H Pham,Unkown
1097,V Huynh Huu,Unkown
1098,V-T Ninh,Unkown
1099,Vahid Garousi,Unkown
1100,Valters Sics,Unkown
1101,Van-Tu Ninh,Unkown
1102,Vasileios Mezaris,Unkown
1103,Vassili Kovalev,Unkown
1104,Vassilina Nikoulina,Unkown
1105,Venkatesh Balavadhani Parthasarathy,Unkown
1106,Venkatesh Gurram Munirathnam,Unkown
1107,Venkatesh Gurum Munirathnam,Unkown
1108,Veysi Isler,Unkown
1109,Veysi İşler,Unkown
1110,Victoria Arranz,Unkown
1111,Vidit Goel,Unkown
1112,Viet-Khoa Vo-Ho,Unkown
1113,Vildan Çetkin,Unkown
1114,Vincenzo Lomonaco,Unkown
1115,Vincenzo Mangini,Unkown
1116,Vishal Bhat Ramachandra,Unkown
1117,Vitali Liauchuk,Unkown
1118,Vitor Ac Horta,Unkown
1119,Vivek Datla,Unkown
1120,Víctor Sánchez-Cartagena,Unkown
1121,W Prinz,Unkown
1122,Wala Mahmoud,Unkown
1123,Walter Daelemans,Unkown
1124,Wandri Jooste,Unkown
1125,Wasim Ahmed Ali,Unkown
1126,Way Way,Unkown
1127,Wei Li,Unkown
1128,Weibo Wang,Unkown
1129,Weifeng Yan,Unkown
1130,Wellington J CorrˆEa,Unkown
1131,Wen-Huang Cheng,Unkown
1132,Wenjia Zheng,Unkown
1133,Werner Bailer,Unkown
1134,Wessel Kraaij,Unkown
1135,Wichaya Pidchamook,Unkown
1136,Wil Van Der Aalst,Unkown
1137,Will Wade,Unkown
1138,Willie Muehlhausen,Unkown
1139,Wingyan Chung,Unkown
1140,Wolfgang Hurst,Unkown
1141,Wouter Beek,Unkown
1142,X Tien Dang,Unkown
1143,Xabier Soto,Unkown
1144,Xiaowei Li,Unkown
1145,Xindong Wu,Unkown
1146,Xinyue Hao,Unkown
1147,Xuan Chen,Unkown
1148,Yagup Macit,Unkown
1149,Yaji Sripada,Unkown
1150,Yalemisew Abgaz,Unkown
1151,Yan-Ci Liu,Unkown
1152,Yangsheng Xu,Unkown
1153,Yantian Hou,Unkown
1154,Yasemin Bekturk,Unkown
1155,Yasemin Yigit Kuru,Unkown
1156,Yashin Dicente Cid,Unkown
1157,Yasmin Moslem,Unkown
1158,Yasufumi Moriya,Unkown
1159,Ying Mao,Unkown
1160,Ying Wang,Unkown
1161,Yingqi Gu,Unkown
1162,Yongchen Cui,Unkown
1163,Yongchen Wang,Unkown
1164,Yongyi Yang,Unkown
1165,Yongze Yu,Unkown
1166,Yooyoung Lee,Unkown
1167,Youngsung Son,Unkown
1168,Yu Cheng,Unkown
1169,Yu Yang,Unkown
1170,Yucong Duan,Unkown
1171,Yue Zeng,Unkown
1172,Yulin Dai,Unkown
1173,Yulong Pei,Unkown
1174,Yun Song,Unkown
1175,Yuqi Fu,Unkown
1176,Yvette Graham,Assistant Professor
1177,Zaid Amin,Unkown
1178,Zhen Yang,Unkown
1179,Zhengwei Wang,Unkown
1180,Zhilan Hu,Unkown
1181,Zhou Liting,Unkown
1182,Zihao Guo,Unkown
1183,Zoran Misajleski,Unkown
1184,Zulal Akarsu,Unkown
1185,Zuleyha Akgun,Unkown
1186,Çağdaş Üsfekes,Unkown
1187,İzzet Sakallı,Unkown
