index,Unique_Author,Job_Title,Job_title_num
0,A Ahlemeyer-Stubbe,Unkown,0
1,A Ionita,Unkown,0
2,A-Kamel Tari,Unkown,0
3,Aalekhya Nethra,Unkown,0
4,Aaron Duane,Unkown,0
5,Aaron Edgeworth,Unkown,0
6,Aasish Pappu,Unkown,0
7,Abbas Bagherian Kasgari,Unkown,0
8,Abdelouaheb Ardjouni,Unkown,0
9,Abhishek Kaushik,Unkown,0
10,Abidalrahman Moh’D,Unkown,0
11,Abigail Walsh,Unkown,0
12,Adam Jatowt,Unkown,0
13,Adele Lu Jia,Unkown,0
14,Ademar Crotti Junior,Unkown,0
15,Adrian Clark,Unkown,0
16,Adrian Mihai,Unkown,0
17,Ae Yilmaz,Unkown,0
18,Afzad Godil,Unkown,0
19,Ahcene Djoudi,Unkown,0
20,Ahmed Abd-Ali Omran,Unkown,0
21,Ahmed Alateeq,Unkown,0
22,Ahmed Hassan Awadallah,Unkown,0
23,Ahu Açıkgöz,Unkown,0
24,Aidan Fogarty,Unkown,0
25,Aidan Lawless,Unkown,0
26,Akshai Ramesh,Unkown,0
27,Akshay Zalkikar,Unkown,0
28,Alan F. Smeaton,Professor,1
29,Alan Meehan,Unkown,0
30,Alastair Porter,Unkown,0
31,Alba Garcia Seco De Herrera,Unkown,0
32,Alba García Seco De Herrera,Unkown,0
33,Alberto Del Bimbo,Unkown,0
34,Alberto Poncelas,Unkown,0
35,Albina Auksoriūtė,Unkown,0
36,Aleh Tarasau,Unkown,0
37,Alessandra Mileo,Assistant Professor,2
38,Alessandra Russo,Unkown,0
39,Alex Helle,Unkown,0
40,Alex Murphy,Unkown,0
41,Alexander Artikis,Unkown,0
42,Alexander Fraser,Unkown,0
43,Alexander Hauptmann,Unkown,0
44,Alexander O’Connor,Unkown,0
45,Alexandra Birch,Unkown,0
46,Alexandra Covaci,Unkown,0
47,Alexandre Sicard,Unkown,0
48,Ali Ameer Jabor,Unkown,0
49,Ali Berkane,Unkown,0
50,Alihan Dogus Yalcin,Unkown,0
51,Alistair Sutherland,Lecturer,3
52,Alípio Jorge,Unkown,0
53,Amal Al-Rasheed,Unkown,0
54,Amal Alrabiah,Unkown,0
55,Amanda Hastings,Unkown,0
56,Amani Alrobai,Unkown,0
57,Amber Pearson,Unkown,0
58,Amerah Alghanim,Unkown,0
59,Aminul Islam,Unkown,0
60,Amir Amirabadi,Unkown,0
61,Amir M Ben-Amram,Unkown,0
62,Amirhossein Aghamohammadi,Unkown,0
63,Amit Moryossef,Unkown,0
64,Amruth Hebbasuru Suryanarayana,Unkown,0
65,Anara Baidzhuranova,Unkown,0
66,Anastasia Shimorina,Unkown,0
67,Andoni Azpeitia,Unkown,0
68,Andre Kåsen,Unkown,0
69,Andrea Lösch,Unkown,0
70,Andreas Auinger,Unkown,0
71,Andreas Hillmann,Unkown,0
72,Andreas Leibetseder,Unkown,0
73,Andreea Molnar,Unkown,0
74,Andrejs Vasiļjevs,Unkown,0
75,Andrew Delgado,Unkown,0
76,Andrew McCarren,Assistant Professor,2
77,André Ft Martins,Unkown,0
78,Andy Meaney,Unkown,0
79,Andy Way,Professor,1
80,Angelika Kimmig,Unkown,0
81,Anirban Chakraborty,Unkown,0
82,Anja Belz,Unkown,0
83,Ann Clifton,Unkown,0
84,Annalina Caputo,Assistant Professor,2
85,Anne Delextrat,Unkown,0
86,Anne Marie Delaney,Unkown,0
87,Annraoi De Paor,Unkown,0
88,Antonio Campello,Unkown,0
89,Antonio Jacob,Unkown,0
90,Antonio Jimeno Yepes,Unkown,0
91,António Branco,Unkown,0
92,Anya Belz,Unkown,0
93,Aoife Morrin,Unkown,0
94,Argentina Anna Rescigno,Unkown,0
95,Arghir Nicolae Moldovan,Unkown,0
96,Aries Mohammed Es-Salih,Unkown,0
97,Armbrust,Unkown,0
98,Armony Altinier,Unkown,0
99,Artem Bielozorov,Unkown,0
100,Arvind Ramadurai,Unkown,0
101,Arwa Alghamdi,Unkown,0
102,Asad Butt,Unkown,0
103,Asif Ekbal,Unkown,0
104,Asma Ben Abacha,Unkown,0
105,Asma Slaimi,Unkown,0
106,Aurelie Neveol,Unkown,0
107,Axel J Soto,Unkown,0
108,Axel Polleres,Unkown,0
109,Ayush K Rai,Unkown,0
110,Ayşe Sönmez,Unkown,0
111,Azadeh Nazemi,Unkown,0
112,B Cardiff,Unkown,0
113,B Thu-Le Pham,Unkown,0
114,B Woods,Unkown,0
115,Bachir Messirdi,Unkown,0
116,Banu Pazar Varol,Unkown,0
117,Baoquan Chen,Unkown,0
118,Baptiste Chocot,Unkown,0
119,Barbara Solenthaler,Unkown,0
120,Barry Haddow,Unkown,0
121,Bekbolot Kanetov,Unkown,0
122,Belhadj Karim,Unkown,0
123,Ben Carterette,Unkown,0
124,Ben Kelly,Unkown,0
125,Benjamin Barry,Unkown,0
126,Benjamin Bischke,Unkown,0
127,Benjamin Cowan,Unkown,0
128,Benjamin D Weedon,Unkown,0
129,Benjamin David Weedon,Unkown,0
130,Benoit Huet,Unkown,0
131,Bernardo Magnini,Unkown,0
132,Bernd Bohnet,Unkown,0
133,Bernd Munzer,Unkown,0
134,Bert Bos,Unkown,0
135,Bert Gordijn,Unkown,0
136,Beyza Yaman,Unkown,0
137,Biagio Lenzitti,Unkown,0
138,Binh T Nguyen,Unkown,0
139,Binwoei Choong,Unkown,0
140,Björn Thór Jónsson,Unkown,0
141,Björn Þór Jónsson,Unkown,0
142,Bo Zhang,Unkown,0
143,Bogdan Ionescu,Unkown,0
144,Bojan Bozic,Unkown,0
145,Bolette Sandford Pedersen,Unkown,0
146,Bora Gunyel,Unkown,0
147,Borja Anza Porras,Unkown,0
148,Boudewijn Van Dongen,Unkown,0
149,Breandán Kerin,Unkown,0
150,Brendan Heery,Unkown,0
151,Brian Davis,Assistant Professor,2
152,Brian McCullagh,Unkown,0
153,Brian Mccullagh,Unkown,0
154,Brian Slattery,Unkown,0
155,Brona Furlong,Unkown,0
156,Brona Kehoe,Unkown,0
157,Bronagh McGrane,Unkown,0
158,Bronagh Mcgrane,Unkown,0
159,Bryan Cullen,Unkown,0
160,Bryan Tyrrell,Unkown,0
161,Bróna Kehoe,Unkown,0
162,Bud Bruegger,Unkown,0
163,Bénédicte Bucher,Unkown,0
164,C Neil,Unkown,0
165,C Ni Mhurchu,Unkown,0
166,C Seifert,Unkown,0
167,C Smyth,Unkown,0
168,Cagdas Usfekes,Unkown,0
169,Camilla Sanvitto,Unkown,0
170,Can Koral Adalı,Unkown,0
171,Carl Vogel,Unkown,0
172,Carlos Cuevas,Unkown,0
173,Carlos Roberto Del Blanco,Unkown,0
174,Carlos Sc Teixeira,Unkown,0
175,Carol Daly,Unkown,0
176,Catarina Silva,Unkown,0
177,Cathal Gurrin,Associate Professor,4
178,Catherine N Moran,Unkown,0
179,Catherine Woods,Unkown,0
180,Celia Rico,Unkown,0
181,Chang-Hwan Choi,Unkown,0
182,Chao-Hong Liu,Unkown,0
183,Charlie Daly,Lecturer,3
184,Cheng Liu,Unkown,0
185,Chenyang Lyu,Unkown,0
186,Chi-Kiu Lo,Unkown,0
187,Ching Y Suen,Unkown,0
188,Christian Dirschl,Unkown,0
189,Christian Federmann,Unkown,0
190,Christian Hardmeier,Unkown,0
191,Christina B Azodi,Unkown,0
192,Christina McKerchar,Unkown,0
193,Christina Mckerchar,Unkown,0
194,Christof Monz,Unkown,0
195,Christoph M Friedrich,Unkown,0
196,Christoph Prinz,Unkown,0
197,Christophe Debruyne,Unkown,0
198,Christos Filelis Papadopoulo,Unkown,0
199,Chuan Liu,Unkown,0
200,Chuanlin Lan,Unkown,0
201,Chuanyang Zheng,Unkown,0
202,Ciara McCormack,Unkown,0
203,Claire M Timon,Unkown,0
204,Claire Tansey,Unkown,0
205,Claire-Hélène Demarty,Unkown,0
206,Cleona Gray,Unkown,0
207,Cliona Ni Mhurchu,Unkown,0
208,Colette Real,Unkown,0
209,Cong Liu,Unkown,0
210,Cong Shi,Unkown,0
211,Congcong Xing,Unkown,0
212,Connie L Moore,Unkown,0
213,Connor Mulready,Unkown,0
214,Cristina Muntean,Unkown,0
215,Cvetana Krstev,Unkown,0
216,Cynthia Chen,Unkown,0
217,Cyril Messaraa,Unkown,0
218,D Kogias,Unkown,0
219,D Phung,Unkown,0
220,D-T Dang-Nguyen,Unkown,0
221,Dag Schmidtke,Unkown,0
222,Dagmar Gromann,Unkown,0
223,Damian Martin,Unkown,0
224,Damien Kearney,Unkown,0
225,Dan Tufiş,Unkown,0
226,Dana D Sheridan,Unkown,0
227,Daniel Mora,Unkown,0
228,Daniel Stein,Unkown,0
229,Daniel Torregrosa,Unkown,0
230,Daniel Turner,Unkown,0
231,Danielle Powell,Unkown,0
232,Daria Dzendzik,Unkown,0
233,Darragh O'Brien,Lecturer,3
234,David Azcona,Unkown,0
235,David Hanley,Unkown,0
236,David Hickey,Unkown,0
237,David Kilroy,Unkown,0
238,David P McGovern,Unkown,0
239,David P Mcgovern,Unkown,0
240,David Perez,Unkown,0
241,David Raffo,Unkown,0
242,David Sinclair,Associate Professor,4
243,Davide Maltoni,Unkown,0
244,Davide Taibi,Unkown,0
245,Dawen Xu,Unkown,0
246,Dean Lynch,Unkown,0
247,Debasis Ganguly,Unkown,0
248,Debdoot Sheet,Unkown,0
249,Declan Gamble,Unkown,0
250,Declan Groves,Unkown,0
251,Declan Moore,Unkown,0
252,Declan O’Sullivan,Unkown,0
253,Deirdre O’Shea,Unkown,0
254,Di Wang,Unkown,0
255,Di Xie,Unkown,0
256,Dian Zhang,Unkown,0
257,Diana Bogusevschi,Unkown,0
258,Diane T Rover,Unkown,0
259,Dick Epema,Unkown,0
260,Diego Ortego,Unkown,0
261,Dien H Le,Unkown,0
262,Dietmar Nedbal,Unkown,0
263,Dimitar Shterionov,Assistant Professor,2
264,Dimitra Anastasiou,Unkown,0
265,Dimitri Fichou,Unkown,0
266,Dimitrios Tzovaras,Unkown,0
267,Dina Demner-Fushman,Unkown,0
268,Dinara Kanetova,Unkown,0
269,Dingwen Tao,Unkown,0
270,Dinh V Cuong,Unkown,0
271,Dipasree Pal,Unkown,0
272,Dirk Werth,Unkown,0
273,Dongyun Nie,Teaching Assistant,5
274,Doria Affane,Unkown,0
275,Douglas Cirqueira,Unkown,0
276,Duc Tien Dang Nguyen,Unkown,0
277,Duc-Tien Dang Nguyen,Unkown,0
278,Duran Türkoğlu,Unkown,0
279,Duvindu Piyasena,Unkown,0
280,Dwaipayan Roy,Unkown,0
281,Dzmitri Klimuk,Unkown,0
282,Dónal Fitzpatrick,Lecturer,3
283,E Tuzun,Unkown,0
284,Eamonn Clinton,Unkown,0
285,Edward Bergman,Unkown,0
286,Edward Meade,Unkown,0
287,Ehud Reiter,Unkown,0
288,Eiríkur Rögnvaldsson,Unkown,0
289,Ekrem Savaş,Unkown,0
290,Elena Alvarado,Unkown,0
291,Elimhan Mahmudov,Unkown,0
292,Elio Hbeich,Unkown,0
293,Eliot Godard,Unkown,0
294,Elisson Da Silva Rocha,Unkown,0
295,Elmar Kiesling,Unkown,0
296,Emer Duffy,Unkown,0
297,Emily Bolger,Unkown,0
298,Emin Durmishi,Unkown,0
299,Emma O’Keeffe,Unkown,0
300,Enric Moreu,Unkown,0
301,Eoin Brophy,Unkown,0
302,Eoin Cartwright,Unkown,0
303,Eray Tuzun,Unkown,0
304,Ergina Kavallieratou,Unkown,0
305,Eric Arazo Sanchez,Unkown,0
306,Eric Joanis,Unkown,0
307,Eric Paquin,Unkown,0
308,Erwin Folmer,Unkown,0
309,Esra Dalan Yıldırım,Unkown,0
310,Esraa Ali,Unkown,0
311,Estella Oncins,Unkown,0
312,Eva Ibarrola,Unkown,0
313,Eva Martínez Garcia,Unkown,0
314,Eva Schlehahn,Unkown,0
315,Eva Vanmassenhove,Unkown,0
316,Evangelos E Milios,Unkown,0
317,Fabio Lobato,Unkown,0
318,Fabrizio Riguzzi,Unkown,0
319,Faiyaz Doctor,Unkown,0
320,Fajar J Ekaputra,Unkown,0
321,Falk Würriehausen,Unkown,0
322,Fan Feng,Unkown,0
323,Fatih Yılmaz,Unkown,0
324,Faycal Bouchelaghem,Unkown,0
325,Federico Gaspari,Unkown,0
326,Feiyan Hu,Unkown,0
327,Felix Do Carmo,Unkown,0
328,Feng Shi,Unkown,0
329,Fergal McCaffery,Unkown,0
330,Ferhat Esenbel,Unkown,0
331,Fernando Almeida,Unkown,0
332,Fernando Kuipers,Unkown,0
333,Fethi Bougares,Unkown,0
334,Finian Buckley,Unkown,0
335,Fiona Dermody,Unkown,0
336,Fiona Regan,Unkown,0
337,Fiona Skelly,Unkown,0
338,Florian Metze,Unkown,0
339,Francesca Lisi,Unkown,0
340,Francesco Ricca,Unkown,0
341,Francisco M Couto,Unkown,0
342,Francois Pitie,Unkown,0
343,Frank Griesinger,Unkown,0
344,Frank Hopfgartner,Unkown,0
345,François Pitie,Unkown,0
346,François Yvon,Unkown,0
347,Gabriela Magureanu,Unkown,0
348,Gabriele Graffieti,Unkown,0
349,Gabriella Pasi,Unkown,0
350,Gabrielle Ls Jenkin,Unkown,0
351,Gaetano Rossiello,Unkown,0
352,Gareth Jones,Professor,1
353,Gaurav Negi,Unkown,0
354,Gauti Kristmannsson,Unkown,0
355,Gema Ramirez-Sanchez,Unkown,0
356,Geoff Hamilton,Associate Professor,4
357,Georg Rehm,Unkown,0
358,George A Gravvanis,Unkown,0
359,George Awad,Unkown,0
360,Georges Quenot,Unkown,0
361,Georges Quénot,Unkown,0
362,Geraldine Boylan,Unkown,0
363,Gerard Mc Mahon,Unkown,0
364,Gerhard Backfried,Unkown,0
365,Gerhard Budin,Unkown,0
366,Gerhard Friedrich,Unkown,0
367,German I Parisi,Unkown,0
368,Gheorghita Ghinea,Unkown,0
369,Gideon Maillette De Buy Wenniger,Unkown,0
370,Giosuè Lo Bosco,Unkown,0
371,Giovanni Semeraro,Unkown,0
372,Giovanni Stilo,Unkown,0
373,Gj Jones,Unkown,0
374,Gm Venkatesh,Unkown,0
375,Gorka Labaka Intxauspe,Unkown,0
376,Graham Healy,Assistant Professor,2
377,Graham Healy Akanksha Rajpute,Unkown,0
378,Greta Warren,Unkown,0
379,Grigoris Antoniou,Unkown,0
380,Grzegorz Terlikowski,Unkown,0
381,Guillaume Cabanac,Unkown,0
382,Guixian Xu,Unkown,0
383,Gunyel Bora Dinc Hakan,Unkown,0
384,Guodong Xie,Unkown,0
385,Gustavo De Los Campos,Unkown,0
386,Guto Leoni Santos,Unkown,0
387,Gülseren Çiçek,Unkown,0
388,Gültekin Cakir,Unkown,0
389,Hadil Shaiba,Unkown,0
390,Hai Hu,Unkown,0
391,Hai-Dang Nguyen,Unkown,0
392,Haijun Wang,Unkown,0
393,Haithem Afli,Unkown,0
394,Haiying Shen,Unkown,0
395,Hakan Dinc,Unkown,0
396,Hakan Şahin,Unkown,0
397,Hala Mulki,Unkown,0
398,Halimah Badioze Zaman,Unkown,0
399,Hamdy A El-Metwally,Unkown,0
400,Hamed Bonab,Unkown,0
401,Hamsini Ketheswarasarma Rajaram,Unkown,0
402,Hamza Riaz,Unkown,0
403,Hanadi Alhamdan,Unkown,0
404,Hanwang Zhang,Unkown,0
405,Hao Wu,Unkown,0
406,Haoda Feng,Unkown,0
407,Haolin Wei,Unkown,0
408,Haree Jeyaram,Unkown,0
409,Harshal Chaudhari,Unkown,0
410,Hatem Haddad,Unkown,0
411,Hayley Hung,Unkown,0
412,Hazal Ipek Kahraman,Unkown,0
413,Heather J. Ruskin,Professor,1
414,Heechul Bae,Unkown,0
415,Heidi Johansen-Berg,Unkown,0
416,Heike Vornhagen,Unkown,0
417,Helen Dawes,Unkown,0
418,Helen McHugh,Unkown,0
419,Helen Mchugh,Unkown,0
420,Heng Ji,Unkown,0
421,Henning Muller,Unkown,0
422,Henry Elder,Unkown,0
423,Henry Gorelick,Unkown,0
424,Hervé Pusset,Unkown,0
425,Heybetkulu Mustafayev,Unkown,0
426,Hideo Joho,Unkown,0
427,Himanshu Vashisht,Unkown,0
428,Hoang-Anh Le,Unkown,0
429,Hoang-Phuc Trang-Trung,Unkown,0
430,Hoda Abdelhafez,Unkown,0
431,Hongbo Liu,Unkown,0
432,Hongmei Chi,Unkown,0
433,Houssem Chatbri,Unkown,0
434,Hrafn Loftsson,Unkown,0
435,Hua Duan,Unkown,0
436,Hua Wang,Unkown,0
437,Huawei Li,Unkown,0
438,Husnu S Narman,Unkown,0
439,Huu-Duc Trinh,Unkown,0
440,Hyonyoung Han,Unkown,0
441,Hyowon Lee,Unkown,0
442,Hélène Amièva,Unkown,0
443,Hülya Duru,Unkown,0
444,Hürmet Fulya Akız,Unkown,0
445,Hüseyin Çakallı,Unkown,0
446,I Peterfi,Unkown,0
447,I-Han Hsiao,Unkown,0
448,Iacer Calixto,Unkown,0
449,Ian Robertson,Unkown,0
450,Igor Steinmacher,Unkown,0
451,Ilaria Tiddi,Unkown,0
452,Ilias Tachmazidis,Unkown,0
453,Ingo Frommholz,Unkown,0
454,Inguna Skadiņa,Unkown,0
455,Ioan-Sorin Comşa,Unkown,0
456,Ioannis Kompatsiaris,Unkown,0
457,Irina Tal,Assistant Professor,2
458,Irmak Angun,Unkown,0
459,Ishak Altun,Unkown,0
460,Ismail Babaoglu,Unkown,0
461,Issa Khalifeh,Unkown,0
462,Ivanovitch Silva,Unkown,0
463,Iñaki Alegría Loinaz,Unkown,0
464,J Lawton,Unkown,0
465,J Pandit Harshvardhan,Unkown,0
466,J Zhou,Unkown,0
467,J.,Unkown,0
468,Jagadeeswaran Thangaraj,Teaching Assistant,5
469,Jaime B Fernandez,Unkown,0
470,Jake Grogan,Unkown,0
471,Jakub Lokoč,Unkown,0
472,Jakub Lokoš,Unkown,0
473,James Barry,Unkown,0
474,James Byrne,Unkown,0
475,James Hadley,Unkown,0
476,James McDermott,Unkown,0
477,James Mcdermott,Unkown,0
478,James Power,Unkown,0
479,James Stanley,Unkown,0
480,Jan Buts,Unkown,0
481,Jan Hajič,Unkown,0
482,Jan Odijk,Unkown,0
483,Jane Dunne,Unkown,0
484,Jane Horgan,Unkown,0
485,Jane Kernan,Lecturer,3
486,Janet Hoek,Unkown,0
487,Javier D Fernández,Unkown,0
488,Jeffrey Liu,Unkown,0
489,Jemil Gambo,Unkown,0
490,Jennifer Foster,Lecturer,3
491,Jenny Benois-Pineau,Unkown,0
492,Jens Ducree,Unkown,0
493,Jeremy Debattista,Unkown,0
494,Jesse Zhang,Unkown,0
495,Jia Jia,Unkown,0
496,Jian Tang,Unkown,0
497,Jiang Zhou,Unkown,0
498,Jianquan Liu,Unkown,0
499,Jianwen Wu,Unkown,0
500,Jinhua Du,Unkown,0
501,Jinwei Liu,Unkown,0
502,Jiujun Cheng,Unkown,0
503,Joachim Köhler,Unkown,0
504,Joachim Wagner,Unkown,0
505,Joanne Pm Kenney,Unkown,0
506,Joeran Beel,Unkown,0
507,Joey Liu,Unkown,0
508,Johan Lukkien,Unkown,0
509,Johann Issartel,Unkown,0
510,Johanna Monti,Unkown,0
511,John Garrigan,Unkown,0
512,John Kelleher,Unkown,0
513,John Loane,Unkown,0
514,John Murphy,Unkown,0
515,John Roberto,Unkown,0
516,John Tinsley,Unkown,0
517,John V Ringwood,Unkown,0
518,Johnny Wei,Unkown,0
519,Jon Arild Olsen,Unkown,0
520,Jon Chamberlain,Unkown,0
521,Jonathan Bradley,Unkown,0
522,Jonathan Fiscus,Unkown,0
523,Jordan Calandre,Unkown,0
524,Joris Vreeke,Unkown,0
525,Josef Van Genabith,Unkown,0
526,Joseph Antony,Unkown,0
527,Joseph Kehoe,Unkown,0
528,Josephine Andrews,Unkown,0
529,Joshua Grundy,Unkown,0
530,Joss Moorkens,Unkown,0
531,José Luis Fonseca,Unkown,0
532,José Manuel Gómez Pérez,Unkown,0
533,Judie Attard,Unkown,0
534,Julie Middleton,Unkown,0
535,Jun-Ki Kim,Unkown,0
536,Junli Liang,Unkown,0
537,Jurgen Mulsow,Unkown,0
538,Jussi Karlgren,Unkown,0
539,Jörg Domaschka,Unkown,0
540,Jörg Niemann,Unkown,0
541,K Ball,Unkown,0
542,K Wittek,Unkown,0
543,Kadri Vider,Unkown,0
544,Kai Bergmann,Unkown,0
545,Kai Liu,Unkown,0
546,Kalina Bontcheva,Unkown,0
547,Kamal Kumar Gupta,Unkown,0
548,Kanishk Verma,Unkown,0
549,Karen Young,Unkown,0
550,Karin Verspoor,Unkown,0
551,Katrin Marheinecke,Unkown,0
552,Kaushik Venkataraman,Unkown,0
553,Keith Cortis,Unkown,0
554,Keith Curtis,Unkown,0
555,Kenny Mitchell,Unkown,0
556,Kepa Sarasola,Unkown,0
557,Kevin Casey,Unkown,0
558,Kevin D O’Brien,Unkown,0
559,Kevin McGuinness,Unkown,0
560,Kevin Thompson,Unkown,0
561,Khalid Choukri,Unkown,0
562,Khanh Nguyen,Unkown,0
563,Kheireddine Biroud,Unkown,0
564,Kieran Daly,Unkown,0
565,Kieran Dowd,Unkown,0
566,Kirils Sloka,Unkown,0
567,Klaus Schoeffmann,Unkown,0
568,Kn Manasa,Unkown,0
569,Koenraad De Smedt,Unkown,0
570,Koji Zettsu,Unkown,0
571,Konstantinos Karampidis,Unkown,0
572,Konstantinos M Giannoutakis,Unkown,0
573,Kouzi Xing,Unkown,0
574,Kripabandhu Ghosh,Unkown,0
575,Krister Lindén,Unkown,0
576,Kristian McGlinn,Unkown,0
577,Kristian Mcglinn,Unkown,0
578,Kweon Woo Jung,Unkown,0
579,Kyrylo Khaletskyy,Unkown,0
580,L Smith,Unkown,0
581,L Zhang,Unkown,0
582,Lama Alaskar,Unkown,0
583,Lambert Schomaker,Unkown,0
584,Lara Kelly,Unkown,0
585,Laura Cabrera Quiros,Unkown,0
586,Laura Christina Galea,Unkown,0
587,Laure Le Bars,Unkown,0
588,Lauri Tuovinen,Unkown,0
589,Le Tu-Khiem,Unkown,0
590,Lee Rooney,Unkown,0
591,Lei Zhang,Unkown,0
592,Leo Wanner,Unkown,0
593,Leslie Daly,Unkown,0
594,Lexi Rowland,Unkown,0
595,Liadh Kelly,Unkown,0
596,Liang Ma,Unkown,0
597,Liangyou Li,Unkown,0
598,Lifeng Han,Unkown,0
599,Liguang Zhou,Unkown,0
600,Liguo Huang,Unkown,0
601,Lili Zhang,Unkown,0
602,Lin Yang,Unkown,0
603,Linardos Panagiotis,Unkown,0
604,Liqiang Nie,Unkown,0
605,Lisa K Kenyon,Unkown,0
606,Lisa Loughney,Unkown,0
607,Lisa Van Der Werff,Unkown,0
608,Liting Zhou,Unkown,0
609,Liu Qun,Unkown,0
610,Liviu Daniel Stefan,Unkown,0
611,Liviu Daniel Ştefan,Unkown,0
612,Ljubi Kocinac,Unkown,0
613,Ln Signal,Unkown,0
614,Long Cheng,Assistant Professor,2
615,Longhao Zou,Unkown,0
616,Lorenzo Pellegrini,Unkown,0
617,Lorin Sweeney,Unkown,0
618,Lorraine Boran,Unkown,0
619,Lorraine Goeuriot,Unkown,0
620,Lorraine McNerney,Unkown,0
621,Lorraine Mcnerney,Unkown,0
622,Louis-Philippe Morency,Unkown,0
623,Loïc Barrault,Unkown,0
624,Luc Meertens,Unkown,0
625,Luca Piras,Unkown,0
626,Luca Rossetto,Unkown,0
627,Lucas Piras,Unkown,0
628,Lucy McKenna,Unkown,0
629,Lucy Mckenna,Unkown,0
630,Ludovico Boratto,Unkown,0
631,Luiz Affonso Guedes,Unkown,0
632,Luka Murn,Unkown,0
633,Lukas Diduch,Unkown,0
634,Luís Gomes,Unkown,0
635,Ly-Duyen Tran,Unkown,0
636,M Al-Kaff,Unkown,0
637,M Denizci Nazligul,Unkown,0
638,M Eduardo Ares,Unkown,0
639,M Etzrodt,Unkown,0
640,M Ewald,Unkown,0
641,M Marcelo Cavalanti,Unkown,0
642,M Rogerson,Unkown,0
643,M Smith,Unkown,0
644,M-Tahar Kechadi,Unkown,0
645,M.,Unkown,0
646,Ma Gozcu,Unkown,0
647,Maarten De Vos,Unkown,0
648,Maciej Ogrodniczuk,Unkown,0
649,Maedeh Mansoubi,Unkown,0
650,Magdalena Biesialska,Unkown,0
651,Mahnaz Arvaneh,Unkown,0
652,Mai Alduailij,Unkown,0
653,Mai-Khiem Tran,Unkown,0
654,Mairéad Cantwell,Unkown,0
655,Maite Melero,Unkown,0
656,Maja Popovic,Unkown,0
657,Makoto Morishita,Unkown,0
658,Malika Bendechache,Assistant Professor,2
659,Mandar Mitra,Unkown,0
660,Manel Zarrouk,Unkown,0
661,Manh-Duy Nguyen,Unkown,0
662,Manisha Verma,Unkown,0
663,Manuel Herranz,Unkown,0
664,Marc Gorriz Blanch,Unkown,0
665,Marc Gorrizblanch,Unkown,0
666,Marc Górriz,Unkown,0
667,Marcis Pinnis,Unkown,0
668,Marco Alfano,Unkown,0
669,Marco Maratea,Unkown,0
670,Marco Polignano,Unkown,0
671,Marco Turchi,Unkown,0
672,Marcos Zampieri,Unkown,0
673,Marek Mazur,Unkown,0
674,Margaret Farren,Unkown,0
675,Maria Cabral,Unkown,0
676,Maria Eskevich,Unkown,0
677,Maria Gavriilidou,Unkown,0
678,Maria O’Neil,Unkown,0
679,Mariana Neves,Unkown,0
680,Marie-Francine Moens,Unkown,0
681,Marija Bezbradica,Assistant Professor,2
682,Marija Brkic,Unkown,0
683,Marilena Bratu,Unkown,0
684,Marina Purgina,Unkown,0
685,Mario Macías,Unkown,0
686,Marion Pech,Unkown,0
687,Mark Fishel,Unkown,0
688,Mark Lizar,Unkown,0
689,Mark Marsden,Unkown,0
690,Mark Roantree,Professor,1
691,Mark Sanderson,Unkown,0
692,Marko Tadić,Unkown,0
693,Markus Gross,Unkown,0
694,Markus Helfert,Unkown,0
695,Markus Hofer,Unkown,0
696,Marlon Oliveira,Unkown,0
697,Marta Mrak,Unkown,0
698,Marta R Costa-Jussa,Unkown,0
699,Marta R Costa-Jussà,Unkown,0
700,Martha Larson,Unkown,0
701,Martin Crane,Associate Professor,4
702,Martin Etzrodt,Unkown,0
703,Martynas Urbanavicius,Unkown,0
704,Marwa Almasoud,Unkown,0
705,Mary Sánchez‐Gordón,Unkown,0
706,Maryam Basereh,Unkown,0
707,Maryam Naseri,Unkown,0
708,Masaaki Nagata,Unkown,0
709,Mathias Lux,Unkown,0
710,Mathias Müller,Unkown,0
711,Matt Post,Unkown,0
712,Matt Spencer,Unkown,0
713,Matteo Negri,Unkown,0
714,Matthew Gwilliam,Unkown,0
715,Matthew Nicholson,Unkown,0
716,Matthew Tretter,Unkown,0
717,Matthias Huck,Unkown,0
718,Max Gravitt,Unkown,0
719,Max Grosse,Unkown,0
720,Maxim Mozgovoy,Unkown,0
721,Małgorzata Gutowska,Unkown,0
722,Mb Barr,Unkown,0
723,Meerim Zhanakunova,Unkown,0
724,Meghan Dowling,Unkown,0
725,Mehmet Kosa,Unkown,0
726,Mehvish Rashid,Unkown,0
727,Meiqing Wu,Unkown,0
728,Meltem Sertbaş,Unkown,0
729,Mengchu Zhou,Unkown,0
730,Mersedeh Kooshki Forooshani,Unkown,0
731,Messnarz,Unkown,0
732,Michael Dowling,Unkown,0
733,Michael Harrison,Unkown,0
734,Michael J Maher,Unkown,0
735,Michael Keane,Unkown,0
736,Michael Riegler,Unkown,0
737,Michael Scriney,Assistant Professor,2
738,Michael Tynes,Unkown,0
739,Michela Bertolotto,Unkown,0
740,Michele Zorzi,Unkown,0
741,Mihael Arcan,Unkown,0
742,Mihai Dogariu,Unkown,0
743,Mihai Gabriel Constantin,Unkown,0
744,Mike Rosner,Unkown,0
745,Mikel Forcada,Unkown,0
746,Milan Redžić,Unkown,0
747,Mina Fazel,Unkown,0
748,Minas Spanopoulos-Karalexidis,Unkown,0
749,Ming Chen,Unkown,0
750,Mingming Liu,Unkown,0
751,Minh Triet Tran,Unkown,0
752,Minh-Huy Nguyen-Ngoc,Unkown,0
753,Minh-Son Dao,Unkown,0
754,Mirko Marras,Unkown,0
755,Mohamed Belhout,Unkown,0
756,Mohammad Aboomar,Unkown,0
757,Mohammad Hasanuzzaman,Unkown,0
758,Mohammad Nazir Ahmad,Unkown,0
759,Mohammad Reza Motallebi,Unkown,0
760,Mohammad Z Anjum,Unkown,0
761,Mohammed Aljunid,Unkown,0
762,Mohammed Derhab,Unkown,0
763,Mohammed Khalil Alijel,Unkown,0
764,Mohammed Saeed Jawad,Unkown,0
765,Mohd Nizam Ab Rahman,Unkown,0
766,Monica Ward,Lecturer,3
767,Monika Solanki,Unkown,0
768,Morten Irgens,Unkown,0
769,Mostafa Bayomi,Unkown,0
770,Mourad Gridach,Unkown,0
771,Muhammad Intizar Ali,Unkown,0
772,Murat YILMAZ,Unkown,0
773,Murat Yilmaz,Assistant Professor,2
774,Murhaf Hossari,Unkown,0
775,Musfira Jilani,Assistant Professor,2
776,Mustapha Fateh Yarou,Unkown,0
777,N Loughney,Unkown,0
778,N McCaffrey,Unkown,0
779,N Mccaffrey,Unkown,0
780,N Wittek,Unkown,0
781,Nam H Trinh,Unkown,0
782,Nam Trinh,Unkown,0
783,Nancy Mayo,Unkown,0
784,Narciso Garcia,Unkown,0
785,Naresh Yarlapati,Unkown,0
786,Naresh Yg,Unkown,0
787,Natalia Duda,Unkown,0
788,Natália Resende,Unkown,0
789,Navaneethan Rajasekaren,Unkown,0
790,Naveen Garaga Krishnamurthy,Unkown,0
791,Nazlena Mohamad Ali,Unkown,0
792,Neelesh B Mehta,Unkown,0
793,Neha Srivatsa,Unkown,0
794,Nesib Tekin,Unkown,0
795,Ngoc-Thanh Nguyen,Unkown,0
796,Nguyen Thanh Binh,Unkown,0
797,Nguyen-Hien Tran,Unkown,0
798,Nhu T Nguyen,Unkown,0
799,Niall Lyons,Unkown,0
800,Niall Moyna,Unkown,0
801,Niall Walsh,Unkown,0
802,Niamh Morris,Unkown,0
803,Nicholas J Belkin,Unkown,0
804,Nick McDonald,Unkown,0
805,Nick Mcdonald,Unkown,0
806,Nicola Leone,Unkown,0
807,Niemann,Unkown,0
808,Nihar Sudhanshu Limaye,Unkown,0
809,Nikita Shekutkovski,Unkown,0
810,Nikola Ljubesic,Unkown,0
811,Nikos Vasillopoulos,Unkown,0
812,Niloofar Tavakolian,Unkown,0
813,Ninh Van-Tu,Unkown,0
814,Noel McCaffrey,Unkown,0
815,Noel Mccaffrey,Unkown,0
816,Noel Murphy,Unkown,0
817,Noel O’Conner,Unkown,0
818,Noel O’Connor,Unkown,0
819,Noriko Kando,Unkown,0
820,Nour El Mawas,Unkown,0
821,Núria Bel,Unkown,0
822,O Salvetti,Unkown,0
823,O.,Unkown,0
824,Obioma Pelka,Unkown,0
825,Oishin Smith,Unkown,0
826,Ondrej Bojar,Unkown,0
827,Osman Mucuk,Unkown,0
828,Ove Armbrust,Unkown,0
829,Owen Conlan,Unkown,0
830,Owen Corrigan,Unkown,0
831,P L Halvorsen,Unkown,0
832,P Perner,Unkown,0
833,P Sandhya,Unkown,0
834,Pablo Redondo,Unkown,0
835,Paco Guzman,Unkown,0
836,Padraig Corcoran,Unkown,0
837,Pal Halvorsen,Unkown,0
838,Paolo Bolzoni,Unkown,0
839,Paolo Cappellari,Unkown,0
840,Paolo Tell,Unkown,0
841,Paraic Sheridan,Unkown,0
842,Pascal Faurie,Unkown,0
843,Pasquale Di Donato,Unkown,0
844,Patricia Fonseca,Unkown,0
845,Patricia Takako Endo,Unkown,0
846,Patrick Esser,Unkown,0
847,Patrick Gatellier,Unkown,0
848,Paul Brie,Unkown,0
849,Paul Fodor,Unkown,0
850,Paul Lukowicz,Unkown,0
851,Paul M Dockree,Unkown,0
852,Paul M. Clarke,Assistant Professor,2
853,Paul Ryan,Unkown,0
854,Pauline McCormack,Unkown,0
855,Pauline Mccormack,Unkown,0
856,Paulo Vale,Unkown,0
857,Peijian Zhao,Unkown,0
858,Peijiang Zhao,Unkown,0
859,Per Bergamin,Unkown,0
860,Periklis Chatzimisios,Unkown,0
861,Peter Elger,Unkown,0
862,Peter Kearney,Unkown,0
863,Peter Novitzky,Unkown,0
864,Petra Bago,Unkown,0
865,Petra Perner,Unkown,0
866,Philip Kelly,Unkown,0
867,Philipp Koehn,Unkown,0
868,Philipp Mayr,Unkown,0
869,Philipp Slusallek,Unkown,0
870,Phong Huynh,Unkown,0
871,Phuc H Le-Khac,Unkown,0
872,Pierangelo Rosati,Unkown,0
873,Piergiorgio Salvan,Unkown,0
874,Pierluigi Cassotti,Unkown,0
875,Pierpaolo Basile,Unkown,0
876,Pilar Sánchez-Gijón,Unkown,0
877,Pinar Orgun,Unkown,0
878,Pintu Lohar,Unkown,0
879,Piyush Arora,Unkown,0
880,Plamen Petkov,Unkown,0
881,Prashant Nayak,Unkown,0
882,Prashanth Nayak,Unkown,0
883,Procheta Sen,Unkown,0
884,Pushpak Bhattacharyya,Unkown,0
885,Pål Halvorsen,Unkown,0
886,Qi Liu,Unkown,0
887,Qi She,Unkown,0
888,Qianling Zhou,Unkown,0
889,Qiaoyong Zhong,Unkown,0
890,Qihan Yang,Unkown,0
891,Qingsong Ma,Unkown,0
892,Qingtian Zeng,Unkown,0
893,Qingzhi Liu,Unkown,0
894,Quoc-Cuong Tran,Unkown,0
895,Quy H Nguyen,Unkown,0
896,R Maddison,Unkown,0
897,R.,Unkown,0
898,R. Yilmaz,Unkown,0
899,Radovan Garabík,Unkown,0
900,Raf Buyle,Unkown,0
901,Raghvendra Pratap Singh,Unkown,0
902,Rajen Chatterjee,Unkown,0
903,Rajneesh Sharma,Unkown,0
904,Rami Albatal,Unkown,0
905,Ramin Ranjbarzadeh,Unkown,0
906,Ramneesh Vaidyambath,Unkown,0
907,Ramon Sanabria,Unkown,0
908,Ramona Trestian,Unkown,0
909,Rashmi Gupta,Unkown,0
910,Rashmiranjan Das,Unkown,0
911,Raul Berari,Unkown,0
912,Ravi Kuber,Unkown,0
913,Rawan Alamro,Unkown,0
914,Ray Walshe,Assistant Professor,2
915,Reem Bin-Hezam,Unkown,0
916,Regina Hebig,Unkown,0
917,Rejwanul Haque,Unkown,0
918,Renaat Verbruggen,Lecturer,3
919,Renan Alves,Unkown,0
920,Renaud Péteri,Unkown,0
921,Rezvaneh Rezapour,Unkown,0
922,Ricardo Alonso Maturana,Unkown,0
923,Ricardo Britto,Unkown,0
924,Ricardo Campos,Unkown,0
925,Ricardo Colomo Palacios,Unkown,0
926,Richard McCann,Unkown,0
927,Richard Mccann,Unkown,0
928,Richard Messnarz,Unkown,0
929,Rico Sennrich,Unkown,0
930,Rigo Wenning,Unkown,0
931,Riham Alsmariy,Unkown,0
932,Rita O’Connor,Unkown,0
933,Rob Brennan,Assistant Professor,2
934,Robert Burke,Unkown,0
935,Robert Zimmermann,Unkown,0
936,Robin Harte,Unkown,0
937,Rodrigo V Asem,Unkown,0
938,Roghaiyeh Gachpaz Hamed,Unkown,0
939,Roman Grundkiewicz,Unkown,0
940,Ronan Cahill,Unkown,0
941,Ronan P Murphy,Unkown,0
942,Roosa Rosti,Unkown,0
943,Rory O’Connor,Unkown,0
944,Rosa Hm Chan,Unkown,0
945,Rosie Jones,Unkown,0
946,Rossella Varvara,Unkown,0
947,Ruben Branco,Unkown,0
948,Rui Neto,Unkown,0
949,Rukiye Savran Kiziltepe,Unkown,0
950,Ryen W White,Unkown,0
951,Rónán Ó Grálaigh,Unkown,0
952,S Bartling,Unkown,0
953,S Cartledge,Unkown,0
954,S Colatino,Unkown,0
955,S Little,Unkown,0
956,S Posth,Unkown,0
957,Sabrina Kirrane,Unkown,0
958,Sadid A Hasan,Unkown,0
959,Saeid Jafarzadeh Ghoushchi,Unkown,0
960,Sandra Kuebler,Unkown,0
961,Sandra Sanchez‐Gordon,Unkown,0
962,Sandra-Carina Noble,Unkown,0
963,Santanu Bhattacharjee,Unkown,0
964,Santanu Pal,Unkown,0
965,Saptarshi Ghosh,Unkown,0
966,Sara Alshaya,Unkown,0
967,Sarah J Hardcastle,Unkown,0
968,Sarah M Kelly,Unkown,0
969,Sarahjane Belton,Unkown,0
970,Sasha Schriber,Unkown,0
971,Sathursan Kanagarajah,Unkown,0
972,Saverio Blasi,Unkown,0
973,Saverio Giovanni Blasi,Unkown,0
974,Seamus Lawless,Unkown,0
975,Seamus McLoone,Unkown,0
976,Seamus Mcloone,Unkown,0
977,Sean Cunningham,Unkown,0
978,Sean Gaine,Unkown,0
979,Sean J O’Neill,Unkown,0
980,Sean Quinn,Unkown,0
981,Senthilkumaran Ulaganathan,Unkown,0
982,Serap Demir,Unkown,0
983,Serdar Tasel,Unkown,0
984,Serge Kozlovski,Unkown,0
985,Sergej Svorobej,Unkown,0
986,Sergio Greco,Unkown,0
987,Sergio Velastin,Unkown,0
988,Shane Malone,Unkown,0
989,Shanzhi Chen,Unkown,0
990,Shawn Joshi,Unkown,0
991,Sheila Castilho,Unkown,0
992,Shervin Malmasi,Unkown,0
993,Shih-Fu Chang,Unkown,0
994,Shiliang Pu,Unkown,0
995,Shin-Han Shiu,Unkown,0
996,Shirin Khaki,Unkown,0
997,Shoji Nishimura,Unkown,0
998,Shokofeh Anari,Unkown,0
999,Shubham Agarwal,Unkown,0
1000,Siew-Kei Lam,Unkown,0
1001,Silvana Togneri Mac Mahon,Assistant Professor,2
1002,Silvano Ramos De Assis Neto,Unkown,0
1003,Simon Caton,Unkown,0
1004,Simon Krek,Unkown,0
1005,Simon Mille,Unkown,0
1006,Simon Steyskal,Unkown,0
1007,Simranjeet Singh,Unkown,0
1008,Sinead Sheridan,Unkown,0
1009,Sinead Smyth,Unkown,0
1010,Siobhan Corrigan,Unkown,0
1011,Smail Kelaiaia,Unkown,0
1012,Sohyeon Jeong,Unkown,0
1013,Somesh Kumar,Unkown,0
1014,Son Huynh,Unkown,0
1015,Son P Nguyen,Unkown,0
1016,Soonyong Song,Unkown,0
1017,Sorin Sav,Unkown,0
1018,Soroush Baseri Saadi,Unkown,0
1019,Spyros Kotoulas,Unkown,0
1020,Sravana Reddy,Unkown,0
1021,Stanley Sutton,Unkown,0
1022,Stefan Decker,Unkown,0
1023,Stefan Kennedy,Unkown,0
1024,Stefania Marrara,Unkown,0
1025,Stefanie Hegele,Unkown,0
1026,Stefano Faralli,Unkown,0
1027,Stefanos Vrochidis,Unkown,0
1028,Steinþór Steingrímsson,Unkown,0
1029,Stelios Piperidis,Unkown,0
1030,Stephane Clinchant,Unkown,0
1031,Stephen Hs Wong,Unkown,0
1032,Stephen Wade,Unkown,0
1033,Steve Kemp,Unkown,0
1034,Steven Alexander Hicks,Unkown,0
1035,Suad Almutairi,Unkown,0
1036,Sudip Vhaduri,Unkown,0
1037,Sukanta Sen,Unkown,0
1038,Sumit Bhatia,Unkown,0
1039,Susan Hegarty,Unkown,0
1040,Sutton S. M. Jr. Hebig,Unkown,0
1041,Suwen Gu,Unkown,0
1042,Suzanne Considine,Unkown,0
1043,Suzanne Johannes,Unkown,0
1044,Suzanne Little,Associate Professor,4
1045,Suzanne McCarthy,Unkown,0
1046,Suzanne Mccarthy,Unkown,0
1047,Svetla Koeva,Unkown,0
1048,Swathikiran Srungavarapu,Unkown,0
1049,Sérgio Nunes,Unkown,0
1050,Sönke Bartling,Unkown,0
1051,T Harrington,Unkown,0
1052,T Paixão,Unkown,0
1053,T-K Le,Unkown,0
1054,Tada Terutoshi,Unkown,0
1055,Tadhg Nagle,Unkown,0
1056,Taja Yaying,Unkown,0
1057,Takashi Noiri,Unkown,0
1058,Takfarinas Saber,Unkown,0
1059,Tamás Váradi,Unkown,0
1060,Tane Vergili,Unkown,0
1061,Tanir Ozcelebi,Unkown,0
1062,Tanmoy Chakraborty,Unkown,0
1063,Tejal Nijai,Unkown,0
1064,Teresa Lynn,Unkown,0
1065,Tewfik Khedim,Unkown,0
1066,Thanh-An Nguyen,Unkown,0
1067,Thao-Nhu Nguyen,Unkown,0
1068,Theo Lynn,Unkown,0
1069,Thiago Castro Ferreira,Unkown,0
1070,Thierry Etchegoyhen,Unkown,0
1071,Thinhinane Yebda,Unkown,0
1072,Thomas Wassenaar,Unkown,0
1073,Thu-Le Pham,Unkown,0
1074,Thuy T Pham,Unkown,0
1075,Tianbo Ji,Unkown,0
1076,Tim Chambers,Unkown,0
1077,Timothy K Shih,Unkown,0
1078,Tin Lun Lam,Unkown,0
1079,Tkr Singh,Unkown,0
1080,Tobias Daudert,Unkown,0
1081,Tom Kocmi,Unkown,0
1082,Tomas Ward,Professor,1
1083,Tommaso Caselli,Unkown,0
1084,Tomohiro Sato,Unkown,0
1085,Tomás E. Ward,Unkown,0
1086,Tomás Harrington,Unkown,0
1087,Tony O’Dowd,Unkown,0
1088,Toshiaki Nakazawa,Unkown,0
1089,Trong-Le Do,Unkown,0
1090,Tu-Ninh Van,Unkown,0
1091,Tunçar Şahan,Unkown,0
1092,Türker Özsarı,Unkown,0
1093,Ulas Gulec,Unkown,0
1094,Ulaş Güleç,Unkown,0
1095,Ulukbek Saktanov,Unkown,0
1096,Uyen H Pham,Unkown,0
1097,V Huynh Huu,Unkown,0
1098,V-T Ninh,Unkown,0
1099,Vahid Garousi,Unkown,0
1100,Valters Sics,Unkown,0
1101,Van-Tu Ninh,Unkown,0
1102,Vasileios Mezaris,Unkown,0
1103,Vassili Kovalev,Unkown,0
1104,Vassilina Nikoulina,Unkown,0
1105,Venkatesh Balavadhani Parthasarathy,Unkown,0
1106,Venkatesh Gurram Munirathnam,Unkown,0
1107,Venkatesh Gurum Munirathnam,Unkown,0
1108,Veysi Isler,Unkown,0
1109,Veysi İşler,Unkown,0
1110,Victoria Arranz,Unkown,0
1111,Vidit Goel,Unkown,0
1112,Viet-Khoa Vo-Ho,Unkown,0
1113,Vildan Çetkin,Unkown,0
1114,Vincenzo Lomonaco,Unkown,0
1115,Vincenzo Mangini,Unkown,0
1116,Vishal Bhat Ramachandra,Unkown,0
1117,Vitali Liauchuk,Unkown,0
1118,Vitor Ac Horta,Unkown,0
1119,Vivek Datla,Unkown,0
1120,Víctor Sánchez-Cartagena,Unkown,0
1121,W Prinz,Unkown,0
1122,Wala Mahmoud,Unkown,0
1123,Walter Daelemans,Unkown,0
1124,Wandri Jooste,Unkown,0
1125,Wasim Ahmed Ali,Unkown,0
1126,Way Way,Unkown,0
1127,Wei Li,Unkown,0
1128,Weibo Wang,Unkown,0
1129,Weifeng Yan,Unkown,0
1130,Wellington J CorrˆEa,Unkown,0
1131,Wen-Huang Cheng,Unkown,0
1132,Wenjia Zheng,Unkown,0
1133,Werner Bailer,Unkown,0
1134,Wessel Kraaij,Unkown,0
1135,Wichaya Pidchamook,Unkown,0
1136,Wil Van Der Aalst,Unkown,0
1137,Will Wade,Unkown,0
1138,Willie Muehlhausen,Unkown,0
1139,Wingyan Chung,Unkown,0
1140,Wolfgang Hurst,Unkown,0
1141,Wouter Beek,Unkown,0
1142,X Tien Dang,Unkown,0
1143,Xabier Soto,Unkown,0
1144,Xiaowei Li,Unkown,0
1145,Xindong Wu,Unkown,0
1146,Xinyue Hao,Unkown,0
1147,Xuan Chen,Unkown,0
1148,Yagup Macit,Unkown,0
1149,Yaji Sripada,Unkown,0
1150,Yalemisew Abgaz,Unkown,0
1151,Yan-Ci Liu,Unkown,0
1152,Yangsheng Xu,Unkown,0
1153,Yantian Hou,Unkown,0
1154,Yasemin Bekturk,Unkown,0
1155,Yasemin Yigit Kuru,Unkown,0
1156,Yashin Dicente Cid,Unkown,0
1157,Yasmin Moslem,Unkown,0
1158,Yasufumi Moriya,Unkown,0
1159,Ying Mao,Unkown,0
1160,Ying Wang,Unkown,0
1161,Yingqi Gu,Unkown,0
1162,Yongchen Cui,Unkown,0
1163,Yongchen Wang,Unkown,0
1164,Yongyi Yang,Unkown,0
1165,Yongze Yu,Unkown,0
1166,Yooyoung Lee,Unkown,0
1167,Youngsung Son,Unkown,0
1168,Yu Cheng,Unkown,0
1169,Yu Yang,Unkown,0
1170,Yucong Duan,Unkown,0
1171,Yue Zeng,Unkown,0
1172,Yulin Dai,Unkown,0
1173,Yulong Pei,Unkown,0
1174,Yun Song,Unkown,0
1175,Yuqi Fu,Unkown,0
1176,Yvette Graham,Assistant Professor,2
1177,Zaid Amin,Unkown,0
1178,Zhen Yang,Unkown,0
1179,Zhengwei Wang,Unkown,0
1180,Zhilan Hu,Unkown,0
1181,Zhou Liting,Unkown,0
1182,Zihao Guo,Unkown,0
1183,Zoran Misajleski,Unkown,0
1184,Zulal Akarsu,Unkown,0
1185,Zuleyha Akgun,Unkown,0
1186,Çağdaş Üsfekes,Unkown,0
1187,İzzet Sakallı,Unkown,0
